sample,week_start,event_type,events,first_seen_actors_in_sample,first_seen_repos_in_sample,year,post_chatgpt
gharchive_mon_thu_12utc_2021,2021-01-04,CreateEvent,33919,12899,17786,2021,False
gharchive_mon_thu_12utc_2021,2021-01-04,ForkEvent,5373,3733,3484,2021,False
gharchive_mon_thu_12utc_2021,2021-01-04,IssueCommentEvent,16838,5700,4215,2021,False
gharchive_mon_thu_12utc_2021,2021-01-04,IssuesEvent,7767,2477,2191,2021,False
gharchive_mon_thu_12utc_2021,2021-01-04,PullRequestEvent,19888,2338,4475,2021,False
gharchive_mon_thu_12utc_2021,2021-01-04,PushEvent,125702,36747,42918,2021,False
gharchive_mon_thu_12utc_2021,2021-01-11,CreateEvent,36005,12044,17361,2021,False
gharchive_mon_thu_12utc_2021,2021-01-11,ForkEvent,5333,3455,3113,2021,False
gharchive_mon_thu_12utc_2021,2021-01-11,IssueCommentEvent,16934,4984,3107,2021,False
gharchive_mon_thu_12utc_2021,2021-01-11,IssuesEvent,6902,2186,1724,2021,False
gharchive_mon_thu_12utc_2021,2021-01-11,PullRequestEvent,20375,1940,3343,2021,False
gharchive_mon_thu_12utc_2021,2021-01-11,PushEvent,128350,31706,38361,2021,False
gharchive_mon_thu_12utc_2021,2021-01-18,CreateEvent,46860,11799,26897,2021,False
gharchive_mon_thu_12utc_2021,2021-01-18,ForkEvent,5384,3444,2980,2021,False
gharchive_mon_thu_12utc_2021,2021-01-18,IssueCommentEvent,16757,4189,2607,2021,False
gharchive_mon_thu_12utc_2021,2021-01-18,IssuesEvent,8022,2116,2192,2021,False
gharchive_mon_thu_12utc_2021,2021-01-18,PullRequestEvent,30005,1631,3263,2021,False
gharchive_mon_thu_12utc_2021,2021-01-18,PushEvent,124755,28521,35208,2021,False
gharchive_mon_thu_12utc_2021,2021-01-25,CreateEvent,35232,11216,17132,2021,False
gharchive_mon_thu_12utc_2021,2021-01-25,ForkEvent,5084,3162,2750,2021,False
gharchive_mon_thu_12utc_2021,2021-01-25,IssueCommentEvent,16650,3853,2282,2021,False
gharchive_mon_thu_12utc_2021,2021-01-25,IssuesEvent,7054,1897,1435,2021,False
gharchive_mon_thu_12utc_2021,2021-01-25,PullRequestEvent,19507,1464,2746,2021,False
gharchive_mon_thu_12utc_2021,2021-01-25,PushEvent,128410,26468,34363,2021,False
gharchive_mon_thu_12utc_2021,2021-02-01,CreateEvent,39017,10974,17603,2021,False
gharchive_mon_thu_12utc_2021,2021-02-01,ForkEvent,5205,3124,2649,2021,False
gharchive_mon_thu_12utc_2021,2021-02-01,IssueCommentEvent,17698,3570,2080,2021,False
gharchive_mon_thu_12utc_2021,2021-02-01,IssuesEvent,7871,1887,1326,2021,False
gharchive_mon_thu_12utc_2021,2021-02-01,PullRequestEvent,22829,1334,2950,2021,False
gharchive_mon_thu_12utc_2021,2021-02-01,PushEvent,133627,24899,32857,2021,False
gharchive_mon_thu_12utc_2021,2021-02-08,CreateEvent,34828,10015,16045,2021,False
gharchive_mon_thu_12utc_2021,2021-02-08,ForkEvent,4396,2685,2172,2021,False
gharchive_mon_thu_12utc_2021,2021-02-08,IssueCommentEvent,16060,3113,1738,2021,False
gharchive_mon_thu_12utc_2021,2021-02-08,IssuesEvent,7072,1740,1232,2021,False
gharchive_mon_thu_12utc_2021,2021-02-08,PullRequestEvent,21073,1169,2441,2021,False
gharchive_mon_thu_12utc_2021,2021-02-08,PushEvent,122644,22126,30082,2021,False
gharchive_mon_thu_12utc_2021,2021-02-15,CreateEvent,36133,10027,16611,2021,False
gharchive_mon_thu_12utc_2021,2021-02-15,ForkEvent,4819,2842,2281,2021,False
gharchive_mon_thu_12utc_2021,2021-02-15,IssueCommentEvent,16584,3078,1645,2021,False
gharchive_mon_thu_12utc_2021,2021-02-15,IssuesEvent,7178,1672,1180,2021,False
gharchive_mon_thu_12utc_2021,2021-02-15,PullRequestEvent,21429,1088,2433,2021,False
gharchive_mon_thu_12utc_2021,2021-02-15,PushEvent,130486,22030,31344,2021,False
gharchive_mon_thu_12utc_2021,2021-02-22,CreateEvent,36779,10097,17025,2021,False
gharchive_mon_thu_12utc_2021,2021-02-22,ForkEvent,5611,3106,2430,2021,False
gharchive_mon_thu_12utc_2021,2021-02-22,IssueCommentEvent,16827,3117,1602,2021,False
gharchive_mon_thu_12utc_2021,2021-02-22,IssuesEvent,7541,1782,1241,2021,False
gharchive_mon_thu_12utc_2021,2021-02-22,PullRequestEvent,20493,1067,2132,2021,False
gharchive_mon_thu_12utc_2021,2021-02-22,PushEvent,139100,21697,31394,2021,False
gharchive_mon_thu_12utc_2021,2021-03-01,CreateEvent,40007,10679,18360,2021,False
gharchive_mon_thu_12utc_2021,2021-03-01,ForkEvent,5731,3244,2450,2021,False
gharchive_mon_thu_12utc_2021,2021-03-01,IssueCommentEvent,18327,3105,1666,2021,False
gharchive_mon_thu_12utc_2021,2021-03-01,IssuesEvent,7826,1664,1200,2021,False
gharchive_mon_thu_12utc_2021,2021-03-01,PullRequestEvent,23446,1081,2527,2021,False
gharchive_mon_thu_12utc_2021,2021-03-01,PushEvent,140542,22101,32374,2021,False
gharchive_mon_thu_12utc_2021,2021-03-08,CreateEvent,37900,10209,17054,2021,False
gharchive_mon_thu_12utc_2021,2021-03-08,ForkEvent,5418,3055,2321,2021,False
gharchive_mon_thu_12utc_2021,2021-03-08,IssueCommentEvent,16802,2804,1482,2021,False
gharchive_mon_thu_12utc_2021,2021-03-08,IssuesEvent,7234,1617,1113,2021,False
gharchive_mon_thu_12utc_2021,2021-03-08,PullRequestEvent,22446,1102,2605,2021,False
gharchive_mon_thu_12utc_2021,2021-03-08,PushEvent,145926,21322,32316,2021,False
gharchive_mon_thu_12utc_2021,2021-03-15,CreateEvent,50186,11937,26670,2021,False
gharchive_mon_thu_12utc_2021,2021-03-15,ForkEvent,5920,3189,2557,2021,False
gharchive_mon_thu_12utc_2021,2021-03-15,IssueCommentEvent,18318,3071,1608,2021,False
gharchive_mon_thu_12utc_2021,2021-03-15,IssuesEvent,7965,1746,1142,2021,False
gharchive_mon_thu_12utc_2021,2021-03-15,PullRequestEvent,22807,1123,2157,2021,False
gharchive_mon_thu_12utc_2021,2021-03-15,PushEvent,151753,22308,33704,2021,False
gharchive_mon_thu_12utc_2021,2021-03-22,CreateEvent,42174,11475,19311,2021,False
gharchive_mon_thu_12utc_2021,2021-03-22,ForkEvent,5744,3232,2323,2021,False
gharchive_mon_thu_12utc_2021,2021-03-22,IssueCommentEvent,17511,3052,1525,2021,False
gharchive_mon_thu_12utc_2021,2021-03-22,IssuesEvent,7726,1568,1108,2021,False
gharchive_mon_thu_12utc_2021,2021-03-22,PullRequestEvent,21932,1133,2214,2021,False
gharchive_mon_thu_12utc_2021,2021-03-22,PushEvent,142993,22029,35105,2021,False
gharchive_mon_thu_12utc_2021,2021-03-29,CreateEvent,41927,11008,19028,2021,False
gharchive_mon_thu_12utc_2021,2021-03-29,ForkEvent,5417,3024,2271,2021,False
gharchive_mon_thu_12utc_2021,2021-03-29,IssueCommentEvent,18071,2863,1382,2021,False
gharchive_mon_thu_12utc_2021,2021-03-29,IssuesEvent,7464,1622,1055,2021,False
gharchive_mon_thu_12utc_2021,2021-03-29,PullRequestEvent,24802,1176,2557,2021,False
gharchive_mon_thu_12utc_2021,2021-03-29,PushEvent,146536,21241,32521,2021,False
gharchive_mon_thu_12utc_2021,2021-04-05,CreateEvent,40951,10995,18795,2021,False
gharchive_mon_thu_12utc_2021,2021-04-05,ForkEvent,5745,2970,2331,2021,False
gharchive_mon_thu_12utc_2021,2021-04-05,IssueCommentEvent,16787,2674,1313,2021,False
gharchive_mon_thu_12utc_2021,2021-04-05,IssuesEvent,7226,1449,1002,2021,False
gharchive_mon_thu_12utc_2021,2021-04-05,PullRequestEvent,25156,1038,2217,2021,False
gharchive_mon_thu_12utc_2021,2021-04-05,PushEvent,178192,21436,35508,2021,False
gharchive_mon_thu_12utc_2021,2021-04-12,CreateEvent,42453,11251,19093,2021,False
gharchive_mon_thu_12utc_2021,2021-04-12,ForkEvent,5940,3107,2356,2021,False
gharchive_mon_thu_12utc_2021,2021-04-12,IssueCommentEvent,20246,2750,1413,2021,False
gharchive_mon_thu_12utc_2021,2021-04-12,IssuesEvent,8222,1656,1082,2021,False
gharchive_mon_thu_12utc_2021,2021-04-12,PullRequestEvent,25407,1093,2227,2021,False
gharchive_mon_thu_12utc_2021,2021-04-12,PushEvent,162253,21629,33483,2021,False
gharchive_mon_thu_12utc_2021,2021-04-19,CreateEvent,45753,10699,19625,2021,False
gharchive_mon_thu_12utc_2021,2021-04-19,ForkEvent,6029,3060,2656,2021,False
gharchive_mon_thu_12utc_2021,2021-04-19,IssueCommentEvent,21066,2797,1407,2021,False
gharchive_mon_thu_12utc_2021,2021-04-19,IssuesEvent,7914,1709,1013,2021,False
gharchive_mon_thu_12utc_2021,2021-04-19,PullRequestEvent,28310,1027,2189,2021,False
gharchive_mon_thu_12utc_2021,2021-04-19,PushEvent,151409,20808,33165,2021,False
gharchive_mon_thu_12utc_2021,2021-04-26,CreateEvent,45156,10657,19262,2021,False
gharchive_mon_thu_12utc_2021,2021-04-26,ForkEvent,5585,2924,2200,2021,False
gharchive_mon_thu_12utc_2021,2021-04-26,IssueCommentEvent,19689,2649,1266,2021,False
gharchive_mon_thu_12utc_2021,2021-04-26,IssuesEvent,8466,1573,1062,2021,False
gharchive_mon_thu_12utc_2021,2021-04-26,PullRequestEvent,26973,1162,2575,2021,False
gharchive_mon_thu_12utc_2021,2021-04-26,PushEvent,148456,20520,33155,2021,False
gharchive_mon_thu_12utc_2021,2021-05-03,CreateEvent,39982,10438,18270,2021,False
gharchive_mon_thu_12utc_2021,2021-05-03,ForkEvent,5675,2763,2358,2021,False
gharchive_mon_thu_12utc_2021,2021-05-03,IssueCommentEvent,17753,2459,1267,2021,False
gharchive_mon_thu_12utc_2021,2021-05-03,IssuesEvent,10508,1441,985,2021,False
gharchive_mon_thu_12utc_2021,2021-05-03,PullRequestEvent,21976,877,1998,2021,False
gharchive_mon_thu_12utc_2021,2021-05-03,PushEvent,144933,19932,31989,2021,False
gharchive_mon_thu_12utc_2021,2021-05-10,CreateEvent,73316,9827,49792,2021,False
gharchive_mon_thu_12utc_2021,2021-05-10,ForkEvent,4699,2533,1814,2021,False
gharchive_mon_thu_12utc_2021,2021-05-10,IssueCommentEvent,30329,2184,2548,2021,False
gharchive_mon_thu_12utc_2021,2021-05-10,IssuesEvent,6885,1293,881,2021,False
gharchive_mon_thu_12utc_2021,2021-05-10,PullRequestEvent,73171,1203,7750,2021,False
gharchive_mon_thu_12utc_2021,2021-05-10,PushEvent,133336,18215,29953,2021,False
gharchive_mon_thu_12utc_2021,2021-05-17,CreateEvent,64333,10759,41266,2021,False
gharchive_mon_thu_12utc_2021,2021-05-17,ForkEvent,5161,2708,2023,2021,False
gharchive_mon_thu_12utc_2021,2021-05-17,IssueCommentEvent,36956,2274,3500,2021,False
gharchive_mon_thu_12utc_2021,2021-05-17,IssuesEvent,7834,1367,924,2021,False
gharchive_mon_thu_12utc_2021,2021-05-17,PullRequestEvent,65310,977,6528,2021,False
gharchive_mon_thu_12utc_2021,2021-05-17,PushEvent,144533,19510,31216,2021,False
gharchive_mon_thu_12utc_2021,2021-05-24,CreateEvent,74268,10868,38015,2021,False
gharchive_mon_thu_12utc_2021,2021-05-24,ForkEvent,5306,2709,1973,2021,False
gharchive_mon_thu_12utc_2021,2021-05-24,IssueCommentEvent,16835,2174,1079,2021,False
gharchive_mon_thu_12utc_2021,2021-05-24,IssuesEvent,7215,1299,877,2021,False
gharchive_mon_thu_12utc_2021,2021-05-24,PullRequestEvent,55216,942,4465,2021,False
gharchive_mon_thu_12utc_2021,2021-05-24,PushEvent,143123,19436,31764,2021,False
gharchive_mon_thu_12utc_2021,2021-05-31,CreateEvent,43550,10604,19469,2021,False
gharchive_mon_thu_12utc_2021,2021-05-31,ForkEvent,5699,2829,2168,2021,False
gharchive_mon_thu_12utc_2021,2021-05-31,IssueCommentEvent,17000,2130,971,2021,False
gharchive_mon_thu_12utc_2021,2021-05-31,IssuesEvent,7143,1317,811,2021,False
gharchive_mon_thu_12utc_2021,2021-05-31,PullRequestEvent,22913,821,1998,2021,False
gharchive_mon_thu_12utc_2021,2021-05-31,PushEvent,151681,19466,32728,2021,False
gharchive_mon_thu_12utc_2021,2021-06-07,CreateEvent,47259,10594,22351,2021,False
gharchive_mon_thu_12utc_2021,2021-06-07,ForkEvent,5541,3004,1943,2021,False
gharchive_mon_thu_12utc_2021,2021-06-07,IssueCommentEvent,19321,2256,1054,2021,False
gharchive_mon_thu_12utc_2021,2021-06-07,IssuesEvent,7806,1368,848,2021,False
gharchive_mon_thu_12utc_2021,2021-06-07,PullRequestEvent,28623,918,2274,2021,False
gharchive_mon_thu_12utc_2021,2021-06-07,PushEvent,153979,19261,32428,2021,False
gharchive_mon_thu_12utc_2021,2021-06-14,CreateEvent,48322,10208,21196,2021,False
gharchive_mon_thu_12utc_2021,2021-06-14,ForkEvent,5416,2709,2005,2021,False
gharchive_mon_thu_12utc_2021,2021-06-14,IssueCommentEvent,19100,2073,975,2021,False
gharchive_mon_thu_12utc_2021,2021-06-14,IssuesEvent,7634,1339,809,2021,False
gharchive_mon_thu_12utc_2021,2021-06-14,PullRequestEvent,27757,846,2362,2021,False
gharchive_mon_thu_12utc_2021,2021-06-14,PushEvent,152679,18182,31174,2021,False
gharchive_mon_thu_12utc_2021,2021-06-21,CreateEvent,41926,10000,18502,2021,False
gharchive_mon_thu_12utc_2021,2021-06-21,ForkEvent,5352,2684,1874,2021,False
gharchive_mon_thu_12utc_2021,2021-06-21,IssueCommentEvent,18335,1893,912,2021,False
gharchive_mon_thu_12utc_2021,2021-06-21,IssuesEvent,9461,1269,843,2021,False
gharchive_mon_thu_12utc_2021,2021-06-21,PullRequestEvent,24174,703,1779,2021,False
gharchive_mon_thu_12utc_2021,2021-06-21,PushEvent,152014,17235,30404,2021,False
gharchive_mon_thu_12utc_2021,2021-06-28,CreateEvent,45149,10131,19153,2021,False
gharchive_mon_thu_12utc_2021,2021-06-28,ForkEvent,5423,2731,1909,2021,False
gharchive_mon_thu_12utc_2021,2021-06-28,IssueCommentEvent,19284,1962,914,2021,False
gharchive_mon_thu_12utc_2021,2021-06-28,IssuesEvent,7381,1161,760,2021,False
gharchive_mon_thu_12utc_2021,2021-06-28,PullRequestEvent,26015,710,1789,2021,False
gharchive_mon_thu_12utc_2021,2021-06-28,PushEvent,156409,16640,29936,2021,False
gharchive_mon_thu_12utc_2021,2021-07-05,CreateEvent,42443,10054,18587,2021,False
gharchive_mon_thu_12utc_2021,2021-07-05,ForkEvent,5378,2682,1815,2021,False
gharchive_mon_thu_12utc_2021,2021-07-05,IssueCommentEvent,18349,1835,897,2021,False
gharchive_mon_thu_12utc_2021,2021-07-05,IssuesEvent,7505,1213,775,2021,False
gharchive_mon_thu_12utc_2021,2021-07-05,PullRequestEvent,24016,662,1646,2021,False
gharchive_mon_thu_12utc_2021,2021-07-05,PushEvent,144547,16480,29509,2021,False
gharchive_mon_thu_12utc_2021,2021-07-12,CreateEvent,44819,10038,19922,2021,False
gharchive_mon_thu_12utc_2021,2021-07-12,ForkEvent,5383,2594,1887,2021,False
gharchive_mon_thu_12utc_2021,2021-07-12,IssueCommentEvent,18694,1977,889,2021,False
gharchive_mon_thu_12utc_2021,2021-07-12,IssuesEvent,8165,1229,740,2021,False
gharchive_mon_thu_12utc_2021,2021-07-12,PullRequestEvent,25004,744,1707,2021,False
gharchive_mon_thu_12utc_2021,2021-07-12,PushEvent,151358,16648,30592,2021,False
gharchive_mon_thu_12utc_2021,2021-07-19,CreateEvent,45428,9744,19898,2021,False
gharchive_mon_thu_12utc_2021,2021-07-19,ForkEvent,5328,2578,1786,2021,False
gharchive_mon_thu_12utc_2021,2021-07-19,IssueCommentEvent,17869,1929,822,2021,False
gharchive_mon_thu_12utc_2021,2021-07-19,IssuesEvent,7306,1178,733,2021,False
gharchive_mon_thu_12utc_2021,2021-07-19,PullRequestEvent,25223,675,1700,2021,False
gharchive_mon_thu_12utc_2021,2021-07-19,PushEvent,152316,15712,30091,2021,False
gharchive_mon_thu_12utc_2021,2021-07-26,CreateEvent,42917,9609,18168,2021,False
gharchive_mon_thu_12utc_2021,2021-07-26,ForkEvent,5331,2627,1762,2021,False
gharchive_mon_thu_12utc_2021,2021-07-26,IssueCommentEvent,17942,1812,820,2021,False
gharchive_mon_thu_12utc_2021,2021-07-26,IssuesEvent,6972,1106,733,2021,False
gharchive_mon_thu_12utc_2021,2021-07-26,PullRequestEvent,24413,629,1713,2021,False
gharchive_mon_thu_12utc_2021,2021-07-26,PushEvent,151346,15249,28302,2021,False
gharchive_mon_thu_12utc_2021,2021-08-02,CreateEvent,49463,9396,21950,2021,False
gharchive_mon_thu_12utc_2021,2021-08-02,ForkEvent,5209,2381,1877,2021,False
gharchive_mon_thu_12utc_2021,2021-08-02,IssueCommentEvent,18010,1747,777,2021,False
gharchive_mon_thu_12utc_2021,2021-08-02,IssuesEvent,6515,1094,686,2021,False
gharchive_mon_thu_12utc_2021,2021-08-02,PullRequestEvent,24784,630,1625,2021,False
gharchive_mon_thu_12utc_2021,2021-08-02,PushEvent,153202,14911,29066,2021,False
gharchive_mon_thu_12utc_2021,2021-08-09,CreateEvent,83289,9522,55607,2021,False
gharchive_mon_thu_12utc_2021,2021-08-09,ForkEvent,5093,2406,1742,2021,False
gharchive_mon_thu_12utc_2021,2021-08-09,IssueCommentEvent,17557,1706,813,2021,False
gharchive_mon_thu_12utc_2021,2021-08-09,IssuesEvent,6809,1166,692,2021,False
gharchive_mon_thu_12utc_2021,2021-08-09,PullRequestEvent,64149,742,7111,2021,False
gharchive_mon_thu_12utc_2021,2021-08-09,PushEvent,144603,14712,28160,2021,False
gharchive_mon_thu_12utc_2021,2021-08-16,CreateEvent,52151,9811,23506,2021,False
gharchive_mon_thu_12utc_2021,2021-08-16,ForkEvent,5427,2654,1819,2021,False
gharchive_mon_thu_12utc_2021,2021-08-16,IssueCommentEvent,17560,1786,786,2021,False
gharchive_mon_thu_12utc_2021,2021-08-16,IssuesEvent,7174,1066,719,2021,False
gharchive_mon_thu_12utc_2021,2021-08-16,PullRequestEvent,24506,600,1499,2021,False
gharchive_mon_thu_12utc_2021,2021-08-16,PushEvent,152792,15100,29089,2021,False
gharchive_mon_thu_12utc_2021,2021-08-23,CreateEvent,22306,4967,9598,2021,False
gharchive_mon_thu_12utc_2021,2021-08-23,ForkEvent,2817,1334,979,2021,False
gharchive_mon_thu_12utc_2021,2021-08-23,IssueCommentEvent,9778,920,440,2021,False
gharchive_mon_thu_12utc_2021,2021-08-23,IssuesEvent,3332,586,367,2021,False
gharchive_mon_thu_12utc_2021,2021-08-23,PullRequestEvent,12901,309,726,2021,False
gharchive_mon_thu_12utc_2021,2021-08-23,PushEvent,77831,7726,14891,2021,False
gharchive_mon_thu_12utc_2021,2021-08-30,CreateEvent,62483,9799,32928,2021,False
gharchive_mon_thu_12utc_2021,2021-08-30,ForkEvent,5194,2518,1826,2021,False
gharchive_mon_thu_12utc_2021,2021-08-30,IssueCommentEvent,33726,1758,1882,2021,False
gharchive_mon_thu_12utc_2021,2021-08-30,IssuesEvent,8298,1100,800,2021,False
gharchive_mon_thu_12utc_2021,2021-08-30,PullRequestEvent,56612,679,4256,2021,False
gharchive_mon_thu_12utc_2021,2021-08-30,PushEvent,155165,15084,29552,2021,False
gharchive_mon_thu_12utc_2021,2021-09-06,CreateEvent,45305,10436,19567,2021,False
gharchive_mon_thu_12utc_2021,2021-09-06,ForkEvent,5727,2814,1933,2021,False
gharchive_mon_thu_12utc_2021,2021-09-06,IssueCommentEvent,18571,1720,783,2021,False
gharchive_mon_thu_12utc_2021,2021-09-06,IssuesEvent,7475,1128,738,2021,False
gharchive_mon_thu_12utc_2021,2021-09-06,PullRequestEvent,26596,651,1715,2021,False
gharchive_mon_thu_12utc_2021,2021-09-06,PushEvent,167942,15712,30278,2021,False
gharchive_mon_thu_12utc_2021,2021-09-13,CreateEvent,45868,11227,20646,2021,False
gharchive_mon_thu_12utc_2021,2021-09-13,ForkEvent,6453,2727,2553,2021,False
gharchive_mon_thu_12utc_2021,2021-09-13,IssueCommentEvent,18880,1862,846,2021,False
gharchive_mon_thu_12utc_2021,2021-09-13,IssuesEvent,7903,1124,762,2021,False
gharchive_mon_thu_12utc_2021,2021-09-13,PullRequestEvent,25368,638,1572,2021,False
gharchive_mon_thu_12utc_2021,2021-09-13,PushEvent,165402,16231,30850,2021,False
gharchive_mon_thu_12utc_2021,2021-09-20,CreateEvent,47491,10921,20870,2021,False
gharchive_mon_thu_12utc_2021,2021-09-20,ForkEvent,5596,2702,1849,2021,False
gharchive_mon_thu_12utc_2021,2021-09-20,IssueCommentEvent,19083,1838,803,2021,False
gharchive_mon_thu_12utc_2021,2021-09-20,IssuesEvent,7703,1153,725,2021,False
gharchive_mon_thu_12utc_2021,2021-09-20,PullRequestEvent,26034,707,1557,2021,False
gharchive_mon_thu_12utc_2021,2021-09-20,PushEvent,167042,16226,30569,2021,False
gharchive_mon_thu_12utc_2021,2021-09-27,CreateEvent,47149,10710,20603,2021,False
gharchive_mon_thu_12utc_2021,2021-09-27,ForkEvent,5545,2701,1854,2021,False
gharchive_mon_thu_12utc_2021,2021-09-27,IssueCommentEvent,20214,1829,835,2021,False
gharchive_mon_thu_12utc_2021,2021-09-27,IssuesEvent,8000,1132,749,2021,False
gharchive_mon_thu_12utc_2021,2021-09-27,PullRequestEvent,26833,687,1585,2021,False
gharchive_mon_thu_12utc_2021,2021-09-27,PushEvent,168701,16083,30837,2021,False
gharchive_mon_thu_12utc_2021,2021-10-04,CreateEvent,29638,7539,14382,2021,False
gharchive_mon_thu_12utc_2021,2021-10-04,ForkEvent,4096,1901,1454,2021,False
gharchive_mon_thu_12utc_2021,2021-10-04,IssueCommentEvent,13575,1231,718,2021,False
gharchive_mon_thu_12utc_2021,2021-10-04,IssuesEvent,4874,728,577,2021,False
gharchive_mon_thu_12utc_2021,2021-10-04,PullRequestEvent,18026,678,1516,2021,False
gharchive_mon_thu_12utc_2021,2021-10-04,PushEvent,109394,11806,22906,2021,False
gharchive_mon_thu_12utc_2021,2021-10-11,CreateEvent,12415,4448,7962,2021,False
gharchive_mon_thu_12utc_2021,2021-10-11,ForkEvent,1680,976,646,2021,False
gharchive_mon_thu_12utc_2021,2021-10-11,IssueCommentEvent,5820,646,467,2021,False
gharchive_mon_thu_12utc_2021,2021-10-11,IssuesEvent,2245,425,355,2021,False
gharchive_mon_thu_12utc_2021,2021-10-11,PullRequestEvent,5010,559,996,2021,False
gharchive_mon_thu_12utc_2021,2021-10-11,PushEvent,51752,7964,14977,2021,False
gharchive_mon_thu_12utc_2021,2021-10-18,CreateEvent,11503,4364,7664,2021,False
gharchive_mon_thu_12utc_2021,2021-10-18,ForkEvent,1527,862,603,2021,False
gharchive_mon_thu_12utc_2021,2021-10-18,IssueCommentEvent,5556,618,451,2021,False
gharchive_mon_thu_12utc_2021,2021-10-18,IssuesEvent,2244,385,339,2021,False
gharchive_mon_thu_12utc_2021,2021-10-18,PullRequestEvent,4710,545,991,2021,False
gharchive_mon_thu_12utc_2021,2021-10-18,PushEvent,48362,7685,14497,2021,False
gharchive_mon_thu_12utc_2021,2021-11-01,CreateEvent,45017,9953,18380,2021,False
gharchive_mon_thu_12utc_2021,2021-11-01,ForkEvent,5866,2672,2168,2021,False
gharchive_mon_thu_12utc_2021,2021-11-01,IssueCommentEvent,19911,1838,857,2021,False
gharchive_mon_thu_12utc_2021,2021-11-01,IssuesEvent,7333,1149,868,2021,False
gharchive_mon_thu_12utc_2021,2021-11-01,PullRequestEvent,25914,659,1507,2021,False
gharchive_mon_thu_12utc_2021,2021-11-01,PushEvent,173265,17807,33788,2021,False
gharchive_mon_thu_12utc_2021,2021-11-08,CreateEvent,43515,10043,18914,2021,False
gharchive_mon_thu_12utc_2021,2021-11-08,ForkEvent,5415,2697,1765,2021,False
gharchive_mon_thu_12utc_2021,2021-11-08,IssueCommentEvent,17610,1614,801,2021,False
gharchive_mon_thu_12utc_2021,2021-11-08,IssuesEvent,7406,1097,784,2021,False
gharchive_mon_thu_12utc_2021,2021-11-08,PullRequestEvent,25046,707,1717,2021,False
gharchive_mon_thu_12utc_2021,2021-11-08,PushEvent,184060,17300,32058,2021,False
gharchive_mon_thu_12utc_2021,2021-11-15,CreateEvent,45854,10204,19894,2021,False
gharchive_mon_thu_12utc_2021,2021-11-15,ForkEvent,5846,2654,1973,2021,False
gharchive_mon_thu_12utc_2021,2021-11-15,IssueCommentEvent,18728,1649,792,2021,False
gharchive_mon_thu_12utc_2021,2021-11-15,IssuesEvent,7595,1158,740,2021,False
gharchive_mon_thu_12utc_2021,2021-11-15,PullRequestEvent,26041,678,1807,2021,False
gharchive_mon_thu_12utc_2021,2021-11-15,PushEvent,169807,16659,31586,2021,False
gharchive_mon_thu_12utc_2021,2021-11-22,CreateEvent,43901,9983,19321,2021,False
gharchive_mon_thu_12utc_2021,2021-11-22,ForkEvent,5700,2557,1981,2021,False
gharchive_mon_thu_12utc_2021,2021-11-22,IssueCommentEvent,17604,1663,750,2021,False
gharchive_mon_thu_12utc_2021,2021-11-22,IssuesEvent,7472,1150,746,2021,False
gharchive_mon_thu_12utc_2021,2021-11-22,PullRequestEvent,25758,607,1709,2021,False
gharchive_mon_thu_12utc_2021,2021-11-22,PushEvent,168161,16701,31351,2021,False
gharchive_mon_thu_12utc_2021,2021-11-29,CreateEvent,49260,10688,20935,2021,False
gharchive_mon_thu_12utc_2021,2021-11-29,ForkEvent,5624,2554,1842,2021,False
gharchive_mon_thu_12utc_2021,2021-11-29,IssueCommentEvent,18343,1672,733,2021,False
gharchive_mon_thu_12utc_2021,2021-11-29,IssuesEvent,7253,1097,729,2021,False
gharchive_mon_thu_12utc_2021,2021-11-29,PullRequestEvent,26705,651,1593,2021,False
gharchive_mon_thu_12utc_2021,2021-11-29,PushEvent,179779,17538,33095,2021,False
gharchive_mon_thu_12utc_2021,2021-12-06,CreateEvent,44261,10178,19348,2021,False
gharchive_mon_thu_12utc_2021,2021-12-06,ForkEvent,5520,2515,1812,2021,False
gharchive_mon_thu_12utc_2021,2021-12-06,IssueCommentEvent,17865,1572,694,2021,False
gharchive_mon_thu_12utc_2021,2021-12-06,IssuesEvent,7047,1089,731,2021,False
gharchive_mon_thu_12utc_2021,2021-12-06,PullRequestEvent,26248,630,1520,2021,False
gharchive_mon_thu_12utc_2021,2021-12-06,PushEvent,182355,17529,33171,2021,False
gharchive_mon_thu_12utc_2021,2021-12-13,CreateEvent,45995,9793,18946,2021,False
gharchive_mon_thu_12utc_2021,2021-12-13,ForkEvent,6072,2816,1897,2021,False
gharchive_mon_thu_12utc_2021,2021-12-13,IssueCommentEvent,18377,1556,610,2021,False
gharchive_mon_thu_12utc_2021,2021-12-13,IssuesEvent,6881,1055,669,2021,False
gharchive_mon_thu_12utc_2021,2021-12-13,PullRequestEvent,27692,597,1684,2021,False
gharchive_mon_thu_12utc_2021,2021-12-13,PushEvent,180982,16373,31241,2021,False
gharchive_mon_thu_12utc_2021,2021-12-20,CreateEvent,74514,8634,17073,2021,False
gharchive_mon_thu_12utc_2021,2021-12-20,ForkEvent,5493,2470,1748,2021,False
gharchive_mon_thu_12utc_2021,2021-12-20,IssueCommentEvent,15994,1249,635,2021,False
gharchive_mon_thu_12utc_2021,2021-12-20,IssuesEvent,6824,936,598,2021,False
gharchive_mon_thu_12utc_2021,2021-12-20,PullRequestEvent,24630,474,1457,2021,False
gharchive_mon_thu_12utc_2021,2021-12-20,PushEvent,164087,14155,28054,2021,False
gharchive_mon_thu_12utc_2021,2021-12-27,CreateEvent,34242,7518,15065,2021,False
gharchive_mon_thu_12utc_2021,2021-12-27,ForkEvent,4784,2189,1459,2021,False
gharchive_mon_thu_12utc_2021,2021-12-27,IssueCommentEvent,11207,1086,511,2021,False
gharchive_mon_thu_12utc_2021,2021-12-27,IssuesEvent,5319,820,527,2021,False
gharchive_mon_thu_12utc_2021,2021-12-27,PullRequestEvent,17589,392,1055,2021,False
gharchive_mon_thu_12utc_2021,2021-12-27,PushEvent,137582,12575,25470,2021,False
gharchive_mon_thu_12utc_2022,2022-01-03,CreateEvent,43717,15717,21813,2022,False
gharchive_mon_thu_12utc_2022,2022-01-03,ForkEvent,5346,3700,3798,2022,False
gharchive_mon_thu_12utc_2022,2022-01-03,IssueCommentEvent,16101,4996,3808,2022,False
gharchive_mon_thu_12utc_2022,2022-01-03,IssuesEvent,6458,2258,2113,2022,False
gharchive_mon_thu_12utc_2022,2022-01-03,PullRequestEvent,24316,2306,4520,2022,False
gharchive_mon_thu_12utc_2022,2022-01-03,PushEvent,174185,40399,53215,2022,False
gharchive_mon_thu_12utc_2022,2022-01-10,CreateEvent,61997,15198,35417,2022,False
gharchive_mon_thu_12utc_2022,2022-01-10,ForkEvent,5968,4048,3611,2022,False
gharchive_mon_thu_12utc_2022,2022-01-10,IssueCommentEvent,18479,5065,3283,2022,False
gharchive_mon_thu_12utc_2022,2022-01-10,IssuesEvent,10026,2289,1779,2022,False
gharchive_mon_thu_12utc_2022,2022-01-10,PullRequestEvent,42603,2498,6519,2022,False
gharchive_mon_thu_12utc_2022,2022-01-10,PushEvent,169830,35721,42245,2022,False
gharchive_mon_thu_12utc_2022,2022-01-17,CreateEvent,49466,15402,22526,2022,False
gharchive_mon_thu_12utc_2022,2022-01-17,ForkEvent,6297,4044,3505,2022,False
gharchive_mon_thu_12utc_2022,2022-01-17,IssueCommentEvent,18964,4389,2650,2022,False
gharchive_mon_thu_12utc_2022,2022-01-17,IssuesEvent,7581,2151,1665,2022,False
gharchive_mon_thu_12utc_2022,2022-01-17,PullRequestEvent,28532,2078,3518,2022,False
gharchive_mon_thu_12utc_2022,2022-01-17,PushEvent,176030,33562,41345,2022,False
gharchive_mon_thu_12utc_2022,2022-01-24,CreateEvent,45953,14272,21275,2022,False
gharchive_mon_thu_12utc_2022,2022-01-24,ForkEvent,5971,3824,3216,2022,False
gharchive_mon_thu_12utc_2022,2022-01-24,IssueCommentEvent,19040,3780,2188,2022,False
gharchive_mon_thu_12utc_2022,2022-01-24,IssuesEvent,7954,1927,1490,2022,False
gharchive_mon_thu_12utc_2022,2022-01-24,PullRequestEvent,27096,1671,3111,2022,False
gharchive_mon_thu_12utc_2022,2022-01-24,PushEvent,171953,30868,41178,2022,False
gharchive_mon_thu_12utc_2022,2022-01-31,CreateEvent,45856,13560,20794,2022,False
gharchive_mon_thu_12utc_2022,2022-01-31,ForkEvent,5445,3315,2868,2022,False
gharchive_mon_thu_12utc_2022,2022-01-31,IssueCommentEvent,19014,3391,2051,2022,False
gharchive_mon_thu_12utc_2022,2022-01-31,IssuesEvent,7679,1748,1354,2022,False
gharchive_mon_thu_12utc_2022,2022-01-31,PullRequestEvent,26736,1545,2732,2022,False
gharchive_mon_thu_12utc_2022,2022-01-31,PushEvent,170457,27119,36475,2022,False
gharchive_mon_thu_12utc_2022,2022-02-07,CreateEvent,75345,13362,48679,2022,False
gharchive_mon_thu_12utc_2022,2022-02-07,ForkEvent,5568,3441,2806,2022,False
gharchive_mon_thu_12utc_2022,2022-02-07,IssueCommentEvent,22959,3127,2329,2022,False
gharchive_mon_thu_12utc_2022,2022-02-07,IssuesEvent,7146,1693,1362,2022,False
gharchive_mon_thu_12utc_2022,2022-02-07,PullRequestEvent,63259,1574,11761,2022,False
gharchive_mon_thu_12utc_2022,2022-02-07,PushEvent,159286,25710,35553,2022,False
gharchive_mon_thu_12utc_2022,2022-02-14,CreateEvent,50245,13384,22852,2022,False
gharchive_mon_thu_12utc_2022,2022-02-14,ForkEvent,5662,3467,2789,2022,False
gharchive_mon_thu_12utc_2022,2022-02-14,IssueCommentEvent,19337,2948,1671,2022,False
gharchive_mon_thu_12utc_2022,2022-02-14,IssuesEvent,7072,1666,1201,2022,False
gharchive_mon_thu_12utc_2022,2022-02-14,PullRequestEvent,31473,1549,3869,2022,False
gharchive_mon_thu_12utc_2022,2022-02-14,PushEvent,169336,25733,37005,2022,False
gharchive_mon_thu_12utc_2022,2022-02-21,CreateEvent,48078,13568,21838,2022,False
gharchive_mon_thu_12utc_2022,2022-02-21,ForkEvent,5678,3508,2620,2022,False
gharchive_mon_thu_12utc_2022,2022-02-21,IssueCommentEvent,17868,2785,1534,2022,False
gharchive_mon_thu_12utc_2022,2022-02-21,IssuesEvent,7139,1654,1206,2022,False
gharchive_mon_thu_12utc_2022,2022-02-21,PullRequestEvent,26330,1321,2467,2022,False
gharchive_mon_thu_12utc_2022,2022-02-21,PushEvent,178517,24847,35400,2022,False
gharchive_mon_thu_12utc_2022,2022-02-28,CreateEvent,46048,12700,20987,2022,False
gharchive_mon_thu_12utc_2022,2022-02-28,ForkEvent,5915,3541,2716,2022,False
gharchive_mon_thu_12utc_2022,2022-02-28,IssueCommentEvent,17480,2601,1403,2022,False
gharchive_mon_thu_12utc_2022,2022-02-28,IssuesEvent,7082,1521,1155,2022,False
gharchive_mon_thu_12utc_2022,2022-02-28,PullRequestEvent,25616,1238,2455,2022,False
gharchive_mon_thu_12utc_2022,2022-02-28,PushEvent,171330,23299,34432,2022,False
gharchive_mon_thu_12utc_2022,2022-03-07,CreateEvent,47477,13053,21922,2022,False
gharchive_mon_thu_12utc_2022,2022-03-07,ForkEvent,6635,3890,3056,2022,False
gharchive_mon_thu_12utc_2022,2022-03-07,IssueCommentEvent,18898,2618,1365,2022,False
gharchive_mon_thu_12utc_2022,2022-03-07,IssuesEvent,7810,1691,1215,2022,False
gharchive_mon_thu_12utc_2022,2022-03-07,PullRequestEvent,28825,1174,2518,2022,False
gharchive_mon_thu_12utc_2022,2022-03-07,PushEvent,184194,24130,36832,2022,False
gharchive_mon_thu_12utc_2022,2022-03-14,CreateEvent,48965,13382,22082,2022,False
gharchive_mon_thu_12utc_2022,2022-03-14,ForkEvent,5950,3633,2548,2022,False
gharchive_mon_thu_12utc_2022,2022-03-14,IssueCommentEvent,19481,2807,1510,2022,False
gharchive_mon_thu_12utc_2022,2022-03-14,IssuesEvent,7927,1623,1123,2022,False
gharchive_mon_thu_12utc_2022,2022-03-14,PullRequestEvent,27743,1287,2449,2022,False
gharchive_mon_thu_12utc_2022,2022-03-14,PushEvent,189348,25098,39312,2022,False
gharchive_mon_thu_12utc_2022,2022-03-21,CreateEvent,50622,13495,23718,2022,False
gharchive_mon_thu_12utc_2022,2022-03-21,ForkEvent,6216,3554,2722,2022,False
gharchive_mon_thu_12utc_2022,2022-03-21,IssueCommentEvent,20193,2744,1399,2022,False
gharchive_mon_thu_12utc_2022,2022-03-21,IssuesEvent,7839,1610,1161,2022,False
gharchive_mon_thu_12utc_2022,2022-03-21,PullRequestEvent,30841,1257,2687,2022,False
gharchive_mon_thu_12utc_2022,2022-03-21,PushEvent,191668,24985,38429,2022,False
gharchive_mon_thu_12utc_2022,2022-03-28,CreateEvent,50401,13503,23731,2022,False
gharchive_mon_thu_12utc_2022,2022-03-28,ForkEvent,6271,3632,2835,2022,False
gharchive_mon_thu_12utc_2022,2022-03-28,IssueCommentEvent,20715,2697,1469,2022,False
gharchive_mon_thu_12utc_2022,2022-03-28,IssuesEvent,7934,1656,1131,2022,False
gharchive_mon_thu_12utc_2022,2022-03-28,PullRequestEvent,31383,1411,3066,2022,False
gharchive_mon_thu_12utc_2022,2022-03-28,PushEvent,191151,25274,38303,2022,False
gharchive_mon_thu_12utc_2022,2022-04-04,CreateEvent,47858,13161,22272,2022,False
gharchive_mon_thu_12utc_2022,2022-04-04,ForkEvent,6480,3771,2664,2022,False
gharchive_mon_thu_12utc_2022,2022-04-04,IssueCommentEvent,20039,2586,1375,2022,False
gharchive_mon_thu_12utc_2022,2022-04-04,IssuesEvent,7862,1582,1060,2022,False
gharchive_mon_thu_12utc_2022,2022-04-04,PullRequestEvent,29654,1395,2398,2022,False
gharchive_mon_thu_12utc_2022,2022-04-04,PushEvent,192597,24831,38190,2022,False
gharchive_mon_thu_12utc_2022,2022-04-11,CreateEvent,44625,11901,20393,2022,False
gharchive_mon_thu_12utc_2022,2022-04-11,ForkEvent,5635,3257,2374,2022,False
gharchive_mon_thu_12utc_2022,2022-04-11,IssueCommentEvent,19173,2523,1261,2022,False
gharchive_mon_thu_12utc_2022,2022-04-11,IssuesEvent,7804,1533,1120,2022,False
gharchive_mon_thu_12utc_2022,2022-04-11,PullRequestEvent,28695,1243,2534,2022,False
gharchive_mon_thu_12utc_2022,2022-04-11,PushEvent,185670,22870,36262,2022,False
gharchive_mon_thu_12utc_2022,2022-04-18,CreateEvent,45233,11745,20316,2022,False
gharchive_mon_thu_12utc_2022,2022-04-18,ForkEvent,5252,2954,2118,2022,False
gharchive_mon_thu_12utc_2022,2022-04-18,IssueCommentEvent,17638,2219,1077,2022,False
gharchive_mon_thu_12utc_2022,2022-04-18,IssuesEvent,7275,1459,956,2022,False
gharchive_mon_thu_12utc_2022,2022-04-18,PullRequestEvent,26292,995,2065,2022,False
gharchive_mon_thu_12utc_2022,2022-04-18,PushEvent,190829,22722,35889,2022,False
gharchive_mon_thu_12utc_2022,2022-04-25,CreateEvent,48301,12032,22284,2022,False
gharchive_mon_thu_12utc_2022,2022-04-25,ForkEvent,5437,2950,2167,2022,False
gharchive_mon_thu_12utc_2022,2022-04-25,IssueCommentEvent,22146,2484,1218,2022,False
gharchive_mon_thu_12utc_2022,2022-04-25,IssuesEvent,7898,1582,1042,2022,False
gharchive_mon_thu_12utc_2022,2022-04-25,PullRequestEvent,30672,1139,2320,2022,False
gharchive_mon_thu_12utc_2022,2022-04-25,PushEvent,187325,23235,37138,2022,False
gharchive_mon_thu_12utc_2022,2022-05-02,CreateEvent,45476,11324,19934,2022,False
gharchive_mon_thu_12utc_2022,2022-05-02,ForkEvent,5218,2732,2116,2022,False
gharchive_mon_thu_12utc_2022,2022-05-02,IssueCommentEvent,20080,2163,1134,2022,False
gharchive_mon_thu_12utc_2022,2022-05-02,IssuesEvent,7387,1408,938,2022,False
gharchive_mon_thu_12utc_2022,2022-05-02,PullRequestEvent,28317,993,1998,2022,False
gharchive_mon_thu_12utc_2022,2022-05-02,PushEvent,194557,21858,35336,2022,False
gharchive_mon_thu_12utc_2022,2022-05-09,CreateEvent,45117,11878,21113,2022,False
gharchive_mon_thu_12utc_2022,2022-05-09,ForkEvent,5070,2882,1949,2022,False
gharchive_mon_thu_12utc_2022,2022-05-09,IssueCommentEvent,19833,2279,1181,2022,False
gharchive_mon_thu_12utc_2022,2022-05-09,IssuesEvent,7554,1367,934,2022,False
gharchive_mon_thu_12utc_2022,2022-05-09,PullRequestEvent,26935,1093,2103,2022,False
gharchive_mon_thu_12utc_2022,2022-05-09,PushEvent,175515,21230,35203,2022,False
gharchive_mon_thu_12utc_2022,2022-05-16,CreateEvent,48744,12456,22044,2022,False
gharchive_mon_thu_12utc_2022,2022-05-16,ForkEvent,5619,2944,2224,2022,False
gharchive_mon_thu_12utc_2022,2022-05-16,IssueCommentEvent,20858,2341,1120,2022,False
gharchive_mon_thu_12utc_2022,2022-05-16,IssuesEvent,7816,1496,1093,2022,False
gharchive_mon_thu_12utc_2022,2022-05-16,PullRequestEvent,29642,1125,2175,2022,False
gharchive_mon_thu_12utc_2022,2022-05-16,PushEvent,191615,22854,37764,2022,False
gharchive_mon_thu_12utc_2022,2022-05-23,CreateEvent,45634,11818,21450,2022,False
gharchive_mon_thu_12utc_2022,2022-05-23,ForkEvent,4823,2680,1852,2022,False
gharchive_mon_thu_12utc_2022,2022-05-23,IssueCommentEvent,18227,2039,995,2022,False
gharchive_mon_thu_12utc_2022,2022-05-23,IssuesEvent,7016,1303,829,2022,False
gharchive_mon_thu_12utc_2022,2022-05-23,PullRequestEvent,26852,1051,1993,2022,False
gharchive_mon_thu_12utc_2022,2022-05-23,PushEvent,188900,21919,36132,2022,False
gharchive_mon_thu_12utc_2022,2022-05-30,CreateEvent,46022,11705,21517,2022,False
gharchive_mon_thu_12utc_2022,2022-05-30,ForkEvent,5340,2797,1933,2022,False
gharchive_mon_thu_12utc_2022,2022-05-30,IssueCommentEvent,18301,1881,961,2022,False
gharchive_mon_thu_12utc_2022,2022-05-30,IssuesEvent,6935,1202,820,2022,False
gharchive_mon_thu_12utc_2022,2022-05-30,PullRequestEvent,27020,1035,1964,2022,False
gharchive_mon_thu_12utc_2022,2022-05-30,PushEvent,189203,21108,35762,2022,False
gharchive_mon_thu_12utc_2022,2022-06-06,CreateEvent,43721,11235,20430,2022,False
gharchive_mon_thu_12utc_2022,2022-06-06,ForkEvent,4547,2356,1666,2022,False
gharchive_mon_thu_12utc_2022,2022-06-06,IssueCommentEvent,17573,1768,963,2022,False
gharchive_mon_thu_12utc_2022,2022-06-06,IssuesEvent,6607,1211,839,2022,False
gharchive_mon_thu_12utc_2022,2022-06-06,PullRequestEvent,26808,1069,1902,2022,False
gharchive_mon_thu_12utc_2022,2022-06-06,PushEvent,177843,20407,35151,2022,False
gharchive_mon_thu_12utc_2022,2022-06-13,CreateEvent,42670,11132,20550,2022,False
gharchive_mon_thu_12utc_2022,2022-06-13,ForkEvent,4519,2335,1674,2022,False
gharchive_mon_thu_12utc_2022,2022-06-13,IssueCommentEvent,17590,1787,936,2022,False
gharchive_mon_thu_12utc_2022,2022-06-13,IssuesEvent,6196,1165,823,2022,False
gharchive_mon_thu_12utc_2022,2022-06-13,PullRequestEvent,25821,1001,2029,2022,False
gharchive_mon_thu_12utc_2022,2022-06-13,PushEvent,170852,19469,33965,2022,False
gharchive_mon_thu_12utc_2022,2022-06-20,CreateEvent,45945,10724,22052,2022,False
gharchive_mon_thu_12utc_2022,2022-06-20,ForkEvent,4407,2263,1642,2022,False
gharchive_mon_thu_12utc_2022,2022-06-20,IssueCommentEvent,18018,1785,989,2022,False
gharchive_mon_thu_12utc_2022,2022-06-20,IssuesEvent,6102,1090,778,2022,False
gharchive_mon_thu_12utc_2022,2022-06-20,PullRequestEvent,28340,1081,2994,2022,False
gharchive_mon_thu_12utc_2022,2022-06-20,PushEvent,171865,19090,33131,2022,False
gharchive_mon_thu_12utc_2022,2022-06-27,CreateEvent,41419,10677,19988,2022,False
gharchive_mon_thu_12utc_2022,2022-06-27,ForkEvent,4456,2226,1701,2022,False
gharchive_mon_thu_12utc_2022,2022-06-27,IssueCommentEvent,17006,1837,925,2022,False
gharchive_mon_thu_12utc_2022,2022-06-27,IssuesEvent,6503,1105,782,2022,False
gharchive_mon_thu_12utc_2022,2022-06-27,PullRequestEvent,22818,958,1663,2022,False
gharchive_mon_thu_12utc_2022,2022-06-27,PushEvent,165239,18898,33243,2022,False
gharchive_mon_thu_12utc_2022,2022-07-04,CreateEvent,49424,10279,28027,2022,False
gharchive_mon_thu_12utc_2022,2022-07-04,ForkEvent,4047,2099,1679,2022,False
gharchive_mon_thu_12utc_2022,2022-07-04,IssueCommentEvent,26537,1541,2878,2022,False
gharchive_mon_thu_12utc_2022,2022-07-04,IssuesEvent,5793,1057,693,2022,False
gharchive_mon_thu_12utc_2022,2022-07-04,PullRequestEvent,44725,978,6390,2022,False
gharchive_mon_thu_12utc_2022,2022-07-04,PushEvent,156045,17062,30828,2022,False
gharchive_mon_thu_12utc_2022,2022-07-11,CreateEvent,41507,10297,19534,2022,False
gharchive_mon_thu_12utc_2022,2022-07-11,ForkEvent,4654,2249,1655,2022,False
gharchive_mon_thu_12utc_2022,2022-07-11,IssueCommentEvent,17298,1755,888,2022,False
gharchive_mon_thu_12utc_2022,2022-07-11,IssuesEvent,6229,1069,774,2022,False
gharchive_mon_thu_12utc_2022,2022-07-11,PullRequestEvent,24676,933,1950,2022,False
gharchive_mon_thu_12utc_2022,2022-07-11,PushEvent,174207,17823,31998,2022,False
gharchive_mon_thu_12utc_2022,2022-07-18,CreateEvent,53341,11013,23715,2022,False
gharchive_mon_thu_12utc_2022,2022-07-18,ForkEvent,4933,2465,1755,2022,False
gharchive_mon_thu_12utc_2022,2022-07-18,IssueCommentEvent,19808,1841,903,2022,False
gharchive_mon_thu_12utc_2022,2022-07-18,IssuesEvent,7021,1161,763,2022,False
gharchive_mon_thu_12utc_2022,2022-07-18,PullRequestEvent,32617,982,2470,2022,False
gharchive_mon_thu_12utc_2022,2022-07-18,PushEvent,194243,18432,34113,2022,False
gharchive_mon_thu_12utc_2022,2022-07-25,CreateEvent,53403,11375,21990,2022,False
gharchive_mon_thu_12utc_2022,2022-07-25,ForkEvent,5426,2743,1959,2022,False
gharchive_mon_thu_12utc_2022,2022-07-25,IssueCommentEvent,20516,2036,937,2022,False
gharchive_mon_thu_12utc_2022,2022-07-25,IssuesEvent,7627,1251,841,2022,False
gharchive_mon_thu_12utc_2022,2022-07-25,PullRequestEvent,29559,934,1732,2022,False
gharchive_mon_thu_12utc_2022,2022-07-25,PushEvent,204547,19954,37109,2022,False
gharchive_mon_thu_12utc_2022,2022-08-01,CreateEvent,54203,11107,21529,2022,False
gharchive_mon_thu_12utc_2022,2022-08-01,ForkEvent,5124,2622,1700,2022,False
gharchive_mon_thu_12utc_2022,2022-08-01,IssueCommentEvent,21992,1883,950,2022,False
gharchive_mon_thu_12utc_2022,2022-08-01,IssuesEvent,7541,1178,754,2022,False
gharchive_mon_thu_12utc_2022,2022-08-01,PullRequestEvent,33464,889,1884,2022,False
gharchive_mon_thu_12utc_2022,2022-08-01,PushEvent,207173,18863,35827,2022,False
gharchive_mon_thu_12utc_2022,2022-08-08,CreateEvent,49402,10793,21351,2022,False
gharchive_mon_thu_12utc_2022,2022-08-08,ForkEvent,5164,2546,1690,2022,False
gharchive_mon_thu_12utc_2022,2022-08-08,IssueCommentEvent,20572,1824,905,2022,False
gharchive_mon_thu_12utc_2022,2022-08-08,IssuesEvent,7698,1181,776,2022,False
gharchive_mon_thu_12utc_2022,2022-08-08,PullRequestEvent,30547,836,1713,2022,False
gharchive_mon_thu_12utc_2022,2022-08-08,PushEvent,213976,18343,34750,2022,False
gharchive_mon_thu_12utc_2022,2022-08-15,CreateEvent,55801,10879,21608,2022,False
gharchive_mon_thu_12utc_2022,2022-08-15,ForkEvent,5718,2599,1930,2022,False
gharchive_mon_thu_12utc_2022,2022-08-15,IssueCommentEvent,19936,1773,862,2022,False
gharchive_mon_thu_12utc_2022,2022-08-15,IssuesEvent,7425,1171,761,2022,False
gharchive_mon_thu_12utc_2022,2022-08-15,PullRequestEvent,29353,755,1628,2022,False
gharchive_mon_thu_12utc_2022,2022-08-15,PushEvent,208300,18525,34707,2022,False
gharchive_mon_thu_12utc_2022,2022-08-22,CreateEvent,53770,12360,24220,2022,False
gharchive_mon_thu_12utc_2022,2022-08-22,ForkEvent,5684,2739,1828,2022,False
gharchive_mon_thu_12utc_2022,2022-08-22,IssueCommentEvent,20931,1951,872,2022,False
gharchive_mon_thu_12utc_2022,2022-08-22,IssuesEvent,7506,1174,798,2022,False
gharchive_mon_thu_12utc_2022,2022-08-22,PullRequestEvent,30717,819,1794,2022,False
gharchive_mon_thu_12utc_2022,2022-08-22,PushEvent,217977,19548,36916,2022,False
gharchive_mon_thu_12utc_2022,2022-08-29,CreateEvent,54467,11573,23575,2022,False
gharchive_mon_thu_12utc_2022,2022-08-29,ForkEvent,5539,2585,1801,2022,False
gharchive_mon_thu_12utc_2022,2022-08-29,IssueCommentEvent,22417,1804,842,2022,False
gharchive_mon_thu_12utc_2022,2022-08-29,IssuesEvent,7260,1210,778,2022,False
gharchive_mon_thu_12utc_2022,2022-08-29,PullRequestEvent,33960,833,1896,2022,False
gharchive_mon_thu_12utc_2022,2022-08-29,PushEvent,231659,19590,37943,2022,False
gharchive_mon_thu_12utc_2022,2022-09-05,CreateEvent,81601,11435,49042,2022,False
gharchive_mon_thu_12utc_2022,2022-09-05,ForkEvent,5213,2475,1673,2022,False
gharchive_mon_thu_12utc_2022,2022-09-05,IssueCommentEvent,24135,1674,1029,2022,False
gharchive_mon_thu_12utc_2022,2022-09-05,IssuesEvent,6881,1002,676,2022,False
gharchive_mon_thu_12utc_2022,2022-09-05,PullRequestEvent,64190,887,7339,2022,False
gharchive_mon_thu_12utc_2022,2022-09-05,PushEvent,215003,18688,35607,2022,False
gharchive_mon_thu_12utc_2022,2022-09-12,CreateEvent,54855,12625,24224,2022,False
gharchive_mon_thu_12utc_2022,2022-09-12,ForkEvent,5701,2678,1958,2022,False
gharchive_mon_thu_12utc_2022,2022-09-12,IssueCommentEvent,21069,1798,817,2022,False
gharchive_mon_thu_12utc_2022,2022-09-12,IssuesEvent,8185,1174,788,2022,False
gharchive_mon_thu_12utc_2022,2022-09-12,PullRequestEvent,31772,916,1821,2022,False
gharchive_mon_thu_12utc_2022,2022-09-12,PushEvent,231898,19918,38427,2022,False
gharchive_mon_thu_12utc_2022,2022-09-19,CreateEvent,61626,12265,26235,2022,False
gharchive_mon_thu_12utc_2022,2022-09-19,ForkEvent,5768,2660,1841,2022,False
gharchive_mon_thu_12utc_2022,2022-09-19,IssueCommentEvent,21180,1681,804,2022,False
gharchive_mon_thu_12utc_2022,2022-09-19,IssuesEvent,9681,1261,1173,2022,False
gharchive_mon_thu_12utc_2022,2022-09-19,PullRequestEvent,31552,825,1722,2022,False
gharchive_mon_thu_12utc_2022,2022-09-19,PushEvent,234287,20025,37760,2022,False
gharchive_mon_thu_12utc_2022,2022-09-26,CreateEvent,65256,12081,29188,2022,False
gharchive_mon_thu_12utc_2022,2022-09-26,ForkEvent,5659,2636,1931,2022,False
gharchive_mon_thu_12utc_2022,2022-09-26,IssueCommentEvent,21335,1785,929,2022,False
gharchive_mon_thu_12utc_2022,2022-09-26,IssuesEvent,11468,1316,1512,2022,False
gharchive_mon_thu_12utc_2022,2022-09-26,PullRequestEvent,32646,887,2014,2022,False
gharchive_mon_thu_12utc_2022,2022-09-26,PushEvent,225182,19620,36828,2022,False
gharchive_mon_thu_12utc_2022,2022-10-03,CreateEvent,86419,11147,51497,2022,False
gharchive_mon_thu_12utc_2022,2022-10-03,ForkEvent,5588,2590,1823,2022,False
gharchive_mon_thu_12utc_2022,2022-10-03,IssueCommentEvent,38545,1666,4673,2022,False
gharchive_mon_thu_12utc_2022,2022-10-03,IssuesEvent,7256,1054,806,2022,False
gharchive_mon_thu_12utc_2022,2022-10-03,PullRequestEvent,68962,1095,7869,2022,False
gharchive_mon_thu_12utc_2022,2022-10-03,PushEvent,202400,19100,36111,2022,False
gharchive_mon_thu_12utc_2022,2022-10-10,CreateEvent,79547,11949,37456,2022,False
gharchive_mon_thu_12utc_2022,2022-10-10,ForkEvent,7576,3167,2279,2022,False
gharchive_mon_thu_12utc_2022,2022-10-10,IssueCommentEvent,23007,1898,956,2022,False
gharchive_mon_thu_12utc_2022,2022-10-10,IssuesEvent,7274,1111,751,2022,False
gharchive_mon_thu_12utc_2022,2022-10-10,PullRequestEvent,35684,1079,2490,2022,False
gharchive_mon_thu_12utc_2022,2022-10-10,PushEvent,223446,19721,38867,2022,False
gharchive_mon_thu_12utc_2022,2022-10-17,CreateEvent,81579,11930,39580,2022,False
gharchive_mon_thu_12utc_2022,2022-10-17,ForkEvent,6745,2994,2257,2022,False
gharchive_mon_thu_12utc_2022,2022-10-17,IssueCommentEvent,29822,1852,1380,2022,False
gharchive_mon_thu_12utc_2022,2022-10-17,IssuesEvent,7469,1091,789,2022,False
gharchive_mon_thu_12utc_2022,2022-10-17,PullRequestEvent,48273,1086,3287,2022,False
gharchive_mon_thu_12utc_2022,2022-10-17,PushEvent,230926,19369,38463,2022,False
gharchive_mon_thu_12utc_2022,2022-10-24,CreateEvent,64370,11038,28410,2022,False
gharchive_mon_thu_12utc_2022,2022-10-24,ForkEvent,5983,2706,1880,2022,False
gharchive_mon_thu_12utc_2022,2022-10-24,IssueCommentEvent,23376,1816,889,2022,False
gharchive_mon_thu_12utc_2022,2022-10-24,IssuesEvent,8006,1184,829,2022,False
gharchive_mon_thu_12utc_2022,2022-10-24,PullRequestEvent,35953,982,2081,2022,False
gharchive_mon_thu_12utc_2022,2022-10-24,PushEvent,229457,19126,39615,2022,False
gharchive_mon_thu_12utc_2022,2022-10-31,CreateEvent,55292,11347,24683,2022,False
gharchive_mon_thu_12utc_2022,2022-10-31,ForkEvent,6139,2621,2025,2022,False
gharchive_mon_thu_12utc_2022,2022-10-31,IssueCommentEvent,20587,1818,854,2022,False
gharchive_mon_thu_12utc_2022,2022-10-31,IssuesEvent,8723,1144,782,2022,False
gharchive_mon_thu_12utc_2022,2022-10-31,PullRequestEvent,32033,1012,1981,2022,False
gharchive_mon_thu_12utc_2022,2022-10-31,PushEvent,235989,19432,37717,2022,False
gharchive_mon_thu_12utc_2022,2022-11-07,CreateEvent,58828,11762,27934,2022,False
gharchive_mon_thu_12utc_2022,2022-11-07,ForkEvent,5503,2601,1821,2022,False
gharchive_mon_thu_12utc_2022,2022-11-07,IssueCommentEvent,19846,1607,730,2022,False
gharchive_mon_thu_12utc_2022,2022-11-07,IssuesEvent,7293,1065,747,2022,False
gharchive_mon_thu_12utc_2022,2022-11-07,PullRequestEvent,35778,895,2728,2022,False
gharchive_mon_thu_12utc_2022,2022-11-07,PushEvent,227524,19240,36931,2022,False
gharchive_mon_thu_12utc_2022,2022-11-14,CreateEvent,56208,11792,26003,2022,False
gharchive_mon_thu_12utc_2022,2022-11-14,ForkEvent,5703,2505,1905,2022,False
gharchive_mon_thu_12utc_2022,2022-11-14,IssueCommentEvent,21483,1663,770,2022,False
gharchive_mon_thu_12utc_2022,2022-11-14,IssuesEvent,7283,1121,710,2022,False
gharchive_mon_thu_12utc_2022,2022-11-14,PullRequestEvent,35494,875,2291,2022,False
gharchive_mon_thu_12utc_2022,2022-11-14,PushEvent,228314,19316,37496,2022,False
gharchive_mon_thu_12utc_2022,2022-11-21,CreateEvent,52706,11831,24302,2022,False
gharchive_mon_thu_12utc_2022,2022-11-21,ForkEvent,5801,2535,1951,2022,False
gharchive_mon_thu_12utc_2022,2022-11-21,IssueCommentEvent,18152,1563,689,2022,False
gharchive_mon_thu_12utc_2022,2022-11-21,IssuesEvent,7279,1062,691,2022,False
gharchive_mon_thu_12utc_2022,2022-11-21,PullRequestEvent,27503,848,1739,2022,False
gharchive_mon_thu_12utc_2022,2022-11-21,PushEvent,234678,18920,37231,2022,False
gharchive_mon_thu_12utc_2022,2022-11-28,CreateEvent,57563,11549,24195,2022,False
gharchive_mon_thu_12utc_2022,2022-11-28,ForkEvent,5366,2389,1747,2022,False
gharchive_mon_thu_12utc_2022,2022-11-28,IssueCommentEvent,23626,1452,734,2022,False
gharchive_mon_thu_12utc_2022,2022-11-28,IssuesEvent,7201,1002,707,2022,False
gharchive_mon_thu_12utc_2022,2022-11-28,PullRequestEvent,36954,885,1881,2022,False
gharchive_mon_thu_12utc_2022,2022-11-28,PushEvent,246634,19439,38138,2022,False
gharchive_mon_thu_12utc_2022,2022-12-05,CreateEvent,80730,10669,46168,2022,True
gharchive_mon_thu_12utc_2022,2022-12-05,ForkEvent,4632,2099,1549,2022,True
gharchive_mon_thu_12utc_2022,2022-12-05,IssueCommentEvent,22316,1424,833,2022,True
gharchive_mon_thu_12utc_2022,2022-12-05,IssuesEvent,6479,911,614,2022,True
gharchive_mon_thu_12utc_2022,2022-12-05,PullRequestEvent,63832,972,7109,2022,True
gharchive_mon_thu_12utc_2022,2022-12-05,PushEvent,239605,19325,37647,2022,True
gharchive_mon_thu_12utc_2022,2022-12-12,CreateEvent,69560,10490,38488,2022,True
gharchive_mon_thu_12utc_2022,2022-12-12,ForkEvent,5009,2170,1643,2022,True
gharchive_mon_thu_12utc_2022,2022-12-12,IssueCommentEvent,20114,1394,688,2022,True
gharchive_mon_thu_12utc_2022,2022-12-12,IssuesEvent,6876,906,646,2022,True
gharchive_mon_thu_12utc_2022,2022-12-12,PullRequestEvent,52425,865,5144,2022,True
gharchive_mon_thu_12utc_2022,2022-12-12,PushEvent,244597,18401,36798,2022,True
gharchive_mon_thu_12utc_2022,2022-12-19,CreateEvent,63523,9382,32264,2022,True
gharchive_mon_thu_12utc_2022,2022-12-19,ForkEvent,4322,2052,1413,2022,True
gharchive_mon_thu_12utc_2022,2022-12-19,IssueCommentEvent,18998,1274,579,2022,True
gharchive_mon_thu_12utc_2022,2022-12-19,IssuesEvent,6076,886,576,2022,True
gharchive_mon_thu_12utc_2022,2022-12-19,PullRequestEvent,46530,719,3362,2022,True
gharchive_mon_thu_12utc_2022,2022-12-19,PushEvent,250647,16296,33067,2022,True
gharchive_mon_thu_12utc_2022,2022-12-26,CreateEvent,40927,8360,18094,2022,True
gharchive_mon_thu_12utc_2022,2022-12-26,ForkEvent,4225,1890,1354,2022,True
gharchive_mon_thu_12utc_2022,2022-12-26,IssueCommentEvent,11959,961,442,2022,True
gharchive_mon_thu_12utc_2022,2022-12-26,IssuesEvent,4566,663,460,2022,True
gharchive_mon_thu_12utc_2022,2022-12-26,PullRequestEvent,22021,465,1290,2022,True
gharchive_mon_thu_12utc_2022,2022-12-26,PushEvent,240496,14428,29113,2022,True
gharchive_mon_thu_12utc_2023,2023-01-02,CreateEvent,53530,15985,30692,2023,True
gharchive_mon_thu_12utc_2023,2023-01-02,ForkEvent,4781,3235,3288,2023,True
gharchive_mon_thu_12utc_2023,2023-01-02,IssueCommentEvent,17453,4882,3795,2023,True
gharchive_mon_thu_12utc_2023,2023-01-02,IssuesEvent,6234,2266,1993,2023,True
gharchive_mon_thu_12utc_2023,2023-01-02,PullRequestEvent,35994,2998,6761,2023,True
gharchive_mon_thu_12utc_2023,2023-01-02,PushEvent,238744,45164,79909,2023,True
gharchive_mon_thu_12utc_2023,2023-01-09,CreateEvent,63541,16831,36083,2023,True
gharchive_mon_thu_12utc_2023,2023-01-09,ForkEvent,5026,3425,2984,2023,True
gharchive_mon_thu_12utc_2023,2023-01-09,IssueCommentEvent,22092,5004,3365,2023,True
gharchive_mon_thu_12utc_2023,2023-01-09,IssuesEvent,7079,2303,1797,2023,True
gharchive_mon_thu_12utc_2023,2023-01-09,PullRequestEvent,46282,3245,7659,2023,True
gharchive_mon_thu_12utc_2023,2023-01-09,PushEvent,209040,42900,50133,2023,True
gharchive_mon_thu_12utc_2023,2023-01-16,CreateEvent,52869,15385,26062,2023,True
gharchive_mon_thu_12utc_2023,2023-01-16,ForkEvent,5323,3403,2738,2023,True
gharchive_mon_thu_12utc_2023,2023-01-16,IssueCommentEvent,20229,4092,2482,2023,True
gharchive_mon_thu_12utc_2023,2023-01-16,IssuesEvent,7555,2017,1566,2023,True
gharchive_mon_thu_12utc_2023,2023-01-16,PullRequestEvent,34587,2439,4172,2023,True
gharchive_mon_thu_12utc_2023,2023-01-16,PushEvent,245565,37695,45820,2023,True
gharchive_mon_thu_12utc_2023,2023-01-23,CreateEvent,51334,14744,23398,2023,True
gharchive_mon_thu_12utc_2023,2023-01-23,ForkEvent,5366,3212,2689,2023,True
gharchive_mon_thu_12utc_2023,2023-01-23,IssueCommentEvent,20329,3546,2189,2023,True
gharchive_mon_thu_12utc_2023,2023-01-23,IssuesEvent,7138,1882,1380,2023,True
gharchive_mon_thu_12utc_2023,2023-01-23,PullRequestEvent,30568,2124,3244,2023,True
gharchive_mon_thu_12utc_2023,2023-01-23,PushEvent,248582,34534,44084,2023,True
gharchive_mon_thu_12utc_2023,2023-01-30,CreateEvent,60249,16197,29236,2023,True
gharchive_mon_thu_12utc_2023,2023-01-30,ForkEvent,5493,3402,2646,2023,True
gharchive_mon_thu_12utc_2023,2023-01-30,IssueCommentEvent,23219,3681,2262,2023,True
gharchive_mon_thu_12utc_2023,2023-01-30,IssuesEvent,7500,1835,1326,2023,True
gharchive_mon_thu_12utc_2023,2023-01-30,PullRequestEvent,38614,2118,4206,2023,True
gharchive_mon_thu_12utc_2023,2023-01-30,PushEvent,250814,34562,45893,2023,True
gharchive_mon_thu_12utc_2023,2023-02-06,CreateEvent,54760,15641,25051,2023,True
gharchive_mon_thu_12utc_2023,2023-02-06,ForkEvent,5938,3654,2700,2023,True
gharchive_mon_thu_12utc_2023,2023-02-06,IssueCommentEvent,21147,3472,1957,2023,True
gharchive_mon_thu_12utc_2023,2023-02-06,IssuesEvent,7976,1817,1383,2023,True
gharchive_mon_thu_12utc_2023,2023-02-06,PullRequestEvent,31691,1908,3157,2023,True
gharchive_mon_thu_12utc_2023,2023-02-06,PushEvent,254698,33637,45974,2023,True
gharchive_mon_thu_12utc_2023,2023-02-13,CreateEvent,56205,15207,26334,2023,True
gharchive_mon_thu_12utc_2023,2023-02-13,ForkEvent,5937,3463,2602,2023,True
gharchive_mon_thu_12utc_2023,2023-02-13,IssueCommentEvent,22205,3313,1900,2023,True
gharchive_mon_thu_12utc_2023,2023-02-13,IssuesEvent,8599,1791,1257,2023,True
gharchive_mon_thu_12utc_2023,2023-02-13,PullRequestEvent,33491,1797,3677,2023,True
gharchive_mon_thu_12utc_2023,2023-02-13,PushEvent,263620,32577,46010,2023,True
gharchive_mon_thu_12utc_2023,2023-02-20,CreateEvent,56628,14840,25479,2023,True
gharchive_mon_thu_12utc_2023,2023-02-20,ForkEvent,6258,3486,2640,2023,True
gharchive_mon_thu_12utc_2023,2023-02-20,IssueCommentEvent,21935,3110,1791,2023,True
gharchive_mon_thu_12utc_2023,2023-02-20,IssuesEvent,8108,1748,1188,2023,True
gharchive_mon_thu_12utc_2023,2023-02-20,PullRequestEvent,34155,1673,2933,2023,True
gharchive_mon_thu_12utc_2023,2023-02-20,PushEvent,260738,31475,46173,2023,True
gharchive_mon_thu_12utc_2023,2023-02-27,CreateEvent,57316,15113,26113,2023,True
gharchive_mon_thu_12utc_2023,2023-02-27,ForkEvent,6030,3371,2395,2023,True
gharchive_mon_thu_12utc_2023,2023-02-27,IssueCommentEvent,23054,3028,1619,2023,True
gharchive_mon_thu_12utc_2023,2023-02-27,IssuesEvent,7863,1784,1288,2023,True
gharchive_mon_thu_12utc_2023,2023-02-27,PullRequestEvent,37108,1673,3178,2023,True
gharchive_mon_thu_12utc_2023,2023-02-27,PushEvent,261125,30504,44584,2023,True
gharchive_mon_thu_12utc_2023,2023-03-06,CreateEvent,70927,14752,38998,2023,True
gharchive_mon_thu_12utc_2023,2023-03-06,ForkEvent,5654,3230,2236,2023,True
gharchive_mon_thu_12utc_2023,2023-03-06,IssueCommentEvent,36406,2869,3640,2023,True
gharchive_mon_thu_12utc_2023,2023-03-06,IssuesEvent,8084,1626,1189,2023,True
gharchive_mon_thu_12utc_2023,2023-03-06,PullRequestEvent,63056,1676,6624,2023,True
gharchive_mon_thu_12utc_2023,2023-03-06,PushEvent,250463,29728,44485,2023,True
gharchive_mon_thu_12utc_2023,2023-03-13,CreateEvent,55258,14638,25790,2023,True
gharchive_mon_thu_12utc_2023,2023-03-13,ForkEvent,6280,3334,2495,2023,True
gharchive_mon_thu_12utc_2023,2023-03-13,IssueCommentEvent,20935,3025,1814,2023,True
gharchive_mon_thu_12utc_2023,2023-03-13,IssuesEvent,8130,1703,1177,2023,True
gharchive_mon_thu_12utc_2023,2023-03-13,PullRequestEvent,33162,1874,3990,2023,True
gharchive_mon_thu_12utc_2023,2023-03-13,PushEvent,271393,30844,46234,2023,True
gharchive_mon_thu_12utc_2023,2023-03-20,CreateEvent,45226,12980,22699,2023,True
gharchive_mon_thu_12utc_2023,2023-03-20,ForkEvent,5292,2885,2075,2023,True
gharchive_mon_thu_12utc_2023,2023-03-20,IssueCommentEvent,17326,2594,1455,2023,True
gharchive_mon_thu_12utc_2023,2023-03-20,IssuesEvent,6743,1481,1059,2023,True
gharchive_mon_thu_12utc_2023,2023-03-20,PullRequestEvent,25682,1709,2964,2023,True
gharchive_mon_thu_12utc_2023,2023-03-20,PushEvent,220820,26781,41460,2023,True
gharchive_mon_thu_12utc_2023,2023-03-27,CreateEvent,28258,8596,14327,2023,True
gharchive_mon_thu_12utc_2023,2023-03-27,ForkEvent,3372,1938,1343,2023,True
gharchive_mon_thu_12utc_2023,2023-03-27,IssueCommentEvent,17124,2932,1497,2023,True
gharchive_mon_thu_12utc_2023,2023-03-27,IssuesEvent,7429,1432,1116,2023,True
gharchive_mon_thu_12utc_2023,2023-03-27,PullRequestEvent,16733,1197,1961,2023,True
gharchive_mon_thu_12utc_2023,2023-03-27,PushEvent,134163,18240,28058,2023,True
gharchive_mon_thu_12utc_2023,2023-04-03,CreateEvent,46150,13178,22237,2023,True
gharchive_mon_thu_12utc_2023,2023-04-03,ForkEvent,5699,3416,2041,2023,True
gharchive_mon_thu_12utc_2023,2023-04-03,IssueCommentEvent,18614,2752,1369,2023,True
gharchive_mon_thu_12utc_2023,2023-04-03,IssuesEvent,11227,1695,1131,2023,True
gharchive_mon_thu_12utc_2023,2023-04-03,PullRequestEvent,26554,1587,2708,2023,True
gharchive_mon_thu_12utc_2023,2023-04-03,PushEvent,263744,27906,43569,2023,True
gharchive_mon_thu_12utc_2023,2023-04-10,CreateEvent,47773,13016,22534,2023,True
gharchive_mon_thu_12utc_2023,2023-04-10,ForkEvent,5694,3113,2229,2023,True
gharchive_mon_thu_12utc_2023,2023-04-10,IssueCommentEvent,16545,2397,1237,2023,True
gharchive_mon_thu_12utc_2023,2023-04-10,IssuesEvent,7927,1523,1081,2023,True
gharchive_mon_thu_12utc_2023,2023-04-10,PullRequestEvent,27038,1516,2617,2023,True
gharchive_mon_thu_12utc_2023,2023-04-10,PushEvent,259670,26483,40909,2023,True
gharchive_mon_thu_12utc_2023,2023-04-17,CreateEvent,48755,12612,23047,2023,True
gharchive_mon_thu_12utc_2023,2023-04-17,ForkEvent,5420,2963,2040,2023,True
gharchive_mon_thu_12utc_2023,2023-04-17,IssueCommentEvent,18913,2551,1360,2023,True
gharchive_mon_thu_12utc_2023,2023-04-17,IssuesEvent,8019,1527,1060,2023,True
gharchive_mon_thu_12utc_2023,2023-04-17,PullRequestEvent,28049,1522,2777,2023,True
gharchive_mon_thu_12utc_2023,2023-04-17,PushEvent,259435,26068,42341,2023,True
gharchive_mon_thu_12utc_2023,2023-04-24,CreateEvent,49083,12497,22535,2023,True
gharchive_mon_thu_12utc_2023,2023-04-24,ForkEvent,5264,2895,1905,2023,True
gharchive_mon_thu_12utc_2023,2023-04-24,IssueCommentEvent,18950,2345,1244,2023,True
gharchive_mon_thu_12utc_2023,2023-04-24,IssuesEvent,8294,1423,952,2023,True
gharchive_mon_thu_12utc_2023,2023-04-24,PullRequestEvent,27871,1485,2587,2023,True
gharchive_mon_thu_12utc_2023,2023-04-24,PushEvent,255396,25327,40790,2023,True
gharchive_mon_thu_12utc_2023,2023-05-01,CreateEvent,47154,11960,20832,2023,True
gharchive_mon_thu_12utc_2023,2023-05-01,ForkEvent,4678,2576,1690,2023,True
gharchive_mon_thu_12utc_2023,2023-05-01,IssueCommentEvent,16710,2017,1080,2023,True
gharchive_mon_thu_12utc_2023,2023-05-01,IssuesEvent,6995,1237,913,2023,True
gharchive_mon_thu_12utc_2023,2023-05-01,PullRequestEvent,28563,1224,2487,2023,True
gharchive_mon_thu_12utc_2023,2023-05-01,PushEvent,274802,24912,40897,2023,True
gharchive_mon_thu_12utc_2023,2023-05-08,CreateEvent,46641,12602,22481,2023,True
gharchive_mon_thu_12utc_2023,2023-05-08,ForkEvent,4861,2504,1784,2023,True
gharchive_mon_thu_12utc_2023,2023-05-08,IssueCommentEvent,17954,2307,1133,2023,True
gharchive_mon_thu_12utc_2023,2023-05-08,IssuesEvent,7441,1370,953,2023,True
gharchive_mon_thu_12utc_2023,2023-05-08,PullRequestEvent,27429,1432,2492,2023,True
gharchive_mon_thu_12utc_2023,2023-05-08,PushEvent,258443,25474,41304,2023,True
gharchive_mon_thu_12utc_2023,2023-05-15,CreateEvent,50044,12842,23645,2023,True
gharchive_mon_thu_12utc_2023,2023-05-15,ForkEvent,4884,2444,1707,2023,True
gharchive_mon_thu_12utc_2023,2023-05-15,IssueCommentEvent,17523,2168,1050,2023,True
gharchive_mon_thu_12utc_2023,2023-05-15,IssuesEvent,7309,1351,844,2023,True
gharchive_mon_thu_12utc_2023,2023-05-15,PullRequestEvent,26269,1277,2198,2023,True
gharchive_mon_thu_12utc_2023,2023-05-15,PushEvent,263973,24979,40561,2023,True
gharchive_mon_thu_12utc_2023,2023-05-22,CreateEvent,47083,12303,22711,2023,True
gharchive_mon_thu_12utc_2023,2023-05-22,ForkEvent,4482,2302,1603,2023,True
gharchive_mon_thu_12utc_2023,2023-05-22,IssueCommentEvent,17658,2141,1035,2023,True
gharchive_mon_thu_12utc_2023,2023-05-22,IssuesEvent,7352,1354,915,2023,True
gharchive_mon_thu_12utc_2023,2023-05-22,PullRequestEvent,26845,1380,2463,2023,True
gharchive_mon_thu_12utc_2023,2023-05-22,PushEvent,245401,24018,39439,2023,True
gharchive_mon_thu_12utc_2023,2023-05-29,CreateEvent,50913,12589,23749,2023,True
gharchive_mon_thu_12utc_2023,2023-05-29,ForkEvent,4295,2142,1372,2023,True
gharchive_mon_thu_12utc_2023,2023-05-29,IssueCommentEvent,17974,1968,1055,2023,True
gharchive_mon_thu_12utc_2023,2023-05-29,IssuesEvent,6678,1238,851,2023,True
gharchive_mon_thu_12utc_2023,2023-05-29,PullRequestEvent,29512,1254,2628,2023,True
gharchive_mon_thu_12utc_2023,2023-05-29,PushEvent,266607,24554,41253,2023,True
gharchive_mon_thu_12utc_2023,2023-06-05,CreateEvent,48409,12009,23191,2023,True
gharchive_mon_thu_12utc_2023,2023-06-05,ForkEvent,4158,2071,1484,2023,True
gharchive_mon_thu_12utc_2023,2023-06-05,IssueCommentEvent,17465,2085,1075,2023,True
gharchive_mon_thu_12utc_2023,2023-06-05,IssuesEvent,7122,1302,852,2023,True
gharchive_mon_thu_12utc_2023,2023-06-05,PullRequestEvent,27448,1294,2341,2023,True
gharchive_mon_thu_12utc_2023,2023-06-05,PushEvent,253396,24120,40165,2023,True
gharchive_mon_thu_12utc_2023,2023-06-12,CreateEvent,46445,11951,22469,2023,True
gharchive_mon_thu_12utc_2023,2023-06-12,ForkEvent,4766,2181,1576,2023,True
gharchive_mon_thu_12utc_2023,2023-06-12,IssueCommentEvent,17547,1993,994,2023,True
gharchive_mon_thu_12utc_2023,2023-06-12,IssuesEvent,6824,1166,798,2023,True
gharchive_mon_thu_12utc_2023,2023-06-12,PullRequestEvent,26581,1245,2267,2023,True
gharchive_mon_thu_12utc_2023,2023-06-12,PushEvent,253209,22941,38904,2023,True
gharchive_mon_thu_12utc_2023,2023-06-19,CreateEvent,49556,12073,23434,2023,True
gharchive_mon_thu_12utc_2023,2023-06-19,ForkEvent,5106,2102,1475,2023,True
gharchive_mon_thu_12utc_2023,2023-06-19,IssueCommentEvent,18049,1927,1054,2023,True
gharchive_mon_thu_12utc_2023,2023-06-19,IssuesEvent,7444,1199,837,2023,True
gharchive_mon_thu_12utc_2023,2023-06-19,PullRequestEvent,27016,1109,2174,2023,True
gharchive_mon_thu_12utc_2023,2023-06-19,PushEvent,256838,21944,38371,2023,True
gharchive_mon_thu_12utc_2023,2023-06-26,CreateEvent,53491,12600,24696,2023,True
gharchive_mon_thu_12utc_2023,2023-06-26,ForkEvent,5507,2285,1476,2023,True
gharchive_mon_thu_12utc_2023,2023-06-26,IssueCommentEvent,20332,2153,1114,2023,True
gharchive_mon_thu_12utc_2023,2023-06-26,IssuesEvent,8064,1279,821,2023,True
gharchive_mon_thu_12utc_2023,2023-06-26,PullRequestEvent,29793,1125,2189,2023,True
gharchive_mon_thu_12utc_2023,2023-06-26,PushEvent,265353,22518,40197,2023,True
gharchive_mon_thu_12utc_2023,2023-07-03,CreateEvent,52699,12455,24246,2023,True
gharchive_mon_thu_12utc_2023,2023-07-03,ForkEvent,5086,2262,1523,2023,True
gharchive_mon_thu_12utc_2023,2023-07-03,IssueCommentEvent,19726,2058,958,2023,True
gharchive_mon_thu_12utc_2023,2023-07-03,IssuesEvent,8056,1246,822,2023,True
gharchive_mon_thu_12utc_2023,2023-07-03,PullRequestEvent,30696,1178,2409,2023,True
gharchive_mon_thu_12utc_2023,2023-07-03,PushEvent,249225,22383,40231,2023,True
gharchive_mon_thu_12utc_2023,2023-07-10,CreateEvent,53833,12186,23563,2023,True
gharchive_mon_thu_12utc_2023,2023-07-10,ForkEvent,4399,2149,1529,2023,True
gharchive_mon_thu_12utc_2023,2023-07-10,IssueCommentEvent,18744,1970,937,2023,True
gharchive_mon_thu_12utc_2023,2023-07-10,IssuesEvent,7678,1137,798,2023,True
gharchive_mon_thu_12utc_2023,2023-07-10,PullRequestEvent,30939,1123,2824,2023,True
gharchive_mon_thu_12utc_2023,2023-07-10,PushEvent,250100,22105,39423,2023,True
gharchive_mon_thu_12utc_2023,2023-07-17,CreateEvent,55487,12223,25022,2023,True
gharchive_mon_thu_12utc_2023,2023-07-17,ForkEvent,4499,2144,1470,2023,True
gharchive_mon_thu_12utc_2023,2023-07-17,IssueCommentEvent,21060,1998,896,2023,True
gharchive_mon_thu_12utc_2023,2023-07-17,IssuesEvent,8276,1259,793,2023,True
gharchive_mon_thu_12utc_2023,2023-07-17,PullRequestEvent,33471,1080,4184,2023,True
gharchive_mon_thu_12utc_2023,2023-07-17,PushEvent,268587,22058,40343,2023,True
gharchive_mon_thu_12utc_2023,2023-07-24,CreateEvent,51842,12313,23551,2023,True
gharchive_mon_thu_12utc_2023,2023-07-24,ForkEvent,4474,2155,1407,2023,True
gharchive_mon_thu_12utc_2023,2023-07-24,IssueCommentEvent,19965,1966,963,2023,True
gharchive_mon_thu_12utc_2023,2023-07-24,IssuesEvent,8515,1302,856,2023,True
gharchive_mon_thu_12utc_2023,2023-07-24,PullRequestEvent,29107,993,2107,2023,True
gharchive_mon_thu_12utc_2023,2023-07-24,PushEvent,297180,21600,41683,2023,True
gharchive_mon_thu_12utc_2023,2023-07-31,CreateEvent,50969,11813,23341,2023,True
gharchive_mon_thu_12utc_2023,2023-07-31,ForkEvent,4207,1975,1397,2023,True
gharchive_mon_thu_12utc_2023,2023-07-31,IssueCommentEvent,20352,1922,922,2023,True
gharchive_mon_thu_12utc_2023,2023-07-31,IssuesEvent,7977,1262,781,2023,True
gharchive_mon_thu_12utc_2023,2023-07-31,PullRequestEvent,27761,989,1922,2023,True
gharchive_mon_thu_12utc_2023,2023-07-31,PushEvent,289213,20997,39266,2023,True
gharchive_mon_thu_12utc_2023,2023-08-07,CreateEvent,49922,11571,22423,2023,True
gharchive_mon_thu_12utc_2023,2023-08-07,ForkEvent,4050,1935,1314,2023,True
gharchive_mon_thu_12utc_2023,2023-08-07,IssueCommentEvent,20226,1923,954,2023,True
gharchive_mon_thu_12utc_2023,2023-08-07,IssuesEvent,7879,1174,760,2023,True
gharchive_mon_thu_12utc_2023,2023-08-07,PullRequestEvent,28531,1002,2072,2023,True
gharchive_mon_thu_12utc_2023,2023-08-07,PushEvent,292172,20252,37953,2023,True
gharchive_mon_thu_12utc_2023,2023-08-14,CreateEvent,47009,11051,22097,2023,True
gharchive_mon_thu_12utc_2023,2023-08-14,ForkEvent,4020,1902,1267,2023,True
gharchive_mon_thu_12utc_2023,2023-08-14,IssueCommentEvent,17877,1667,804,2023,True
gharchive_mon_thu_12utc_2023,2023-08-14,IssuesEvent,6913,1079,671,2023,True
gharchive_mon_thu_12utc_2023,2023-08-14,PullRequestEvent,26406,948,2038,2023,True
gharchive_mon_thu_12utc_2023,2023-08-14,PushEvent,282995,19014,35903,2023,True
gharchive_mon_thu_12utc_2023,2023-08-21,CreateEvent,50247,11723,23172,2023,True
gharchive_mon_thu_12utc_2023,2023-08-21,ForkEvent,4019,1909,1269,2023,True
gharchive_mon_thu_12utc_2023,2023-08-21,IssueCommentEvent,19015,1803,871,2023,True
gharchive_mon_thu_12utc_2023,2023-08-21,IssuesEvent,7630,1151,744,2023,True
gharchive_mon_thu_12utc_2023,2023-08-21,PullRequestEvent,28396,925,2081,2023,True
gharchive_mon_thu_12utc_2023,2023-08-21,PushEvent,285002,19919,37827,2023,True
gharchive_mon_thu_12utc_2023,2023-08-28,CreateEvent,48579,11937,22892,2023,True
gharchive_mon_thu_12utc_2023,2023-08-28,ForkEvent,3862,1968,1184,2023,True
gharchive_mon_thu_12utc_2023,2023-08-28,IssueCommentEvent,18455,1859,876,2023,True
gharchive_mon_thu_12utc_2023,2023-08-28,IssuesEvent,7355,1203,802,2023,True
gharchive_mon_thu_12utc_2023,2023-08-28,PullRequestEvent,27605,961,2140,2023,True
gharchive_mon_thu_12utc_2023,2023-08-28,PushEvent,285504,20161,37694,2023,True
gharchive_mon_thu_12utc_2023,2023-09-04,CreateEvent,54656,12009,24733,2023,True
gharchive_mon_thu_12utc_2023,2023-09-04,ForkEvent,3998,1912,1225,2023,True
gharchive_mon_thu_12utc_2023,2023-09-04,IssueCommentEvent,18692,1637,825,2023,True
gharchive_mon_thu_12utc_2023,2023-09-04,IssuesEvent,7869,1127,805,2023,True
gharchive_mon_thu_12utc_2023,2023-09-04,PullRequestEvent,30966,932,2693,2023,True
gharchive_mon_thu_12utc_2023,2023-09-04,PushEvent,285800,19746,36878,2023,True
gharchive_mon_thu_12utc_2023,2023-09-11,CreateEvent,56455,13150,24745,2023,True
gharchive_mon_thu_12utc_2023,2023-09-11,ForkEvent,5015,2582,1540,2023,True
gharchive_mon_thu_12utc_2023,2023-09-11,IssueCommentEvent,20292,1915,847,2023,True
gharchive_mon_thu_12utc_2023,2023-09-11,IssuesEvent,8853,1200,778,2023,True
gharchive_mon_thu_12utc_2023,2023-09-11,PullRequestEvent,30456,1000,2098,2023,True
gharchive_mon_thu_12utc_2023,2023-09-11,PushEvent,309609,21594,40803,2023,True
gharchive_mon_thu_12utc_2023,2023-09-18,CreateEvent,55931,13010,24708,2023,True
gharchive_mon_thu_12utc_2023,2023-09-18,ForkEvent,4597,2150,1476,2023,True
gharchive_mon_thu_12utc_2023,2023-09-18,IssueCommentEvent,20683,1905,910,2023,True
gharchive_mon_thu_12utc_2023,2023-09-18,IssuesEvent,8578,1263,812,2023,True
gharchive_mon_thu_12utc_2023,2023-09-18,PullRequestEvent,31401,1008,2006,2023,True
gharchive_mon_thu_12utc_2023,2023-09-18,PushEvent,302739,21948,41351,2023,True
gharchive_mon_thu_12utc_2023,2023-09-25,CreateEvent,55964,12737,25342,2023,True
gharchive_mon_thu_12utc_2023,2023-09-25,ForkEvent,4469,2028,1276,2023,True
gharchive_mon_thu_12utc_2023,2023-09-25,IssueCommentEvent,20242,1942,941,2023,True
gharchive_mon_thu_12utc_2023,2023-09-25,IssuesEvent,8142,1125,757,2023,True
gharchive_mon_thu_12utc_2023,2023-09-25,PullRequestEvent,30290,999,2028,2023,True
gharchive_mon_thu_12utc_2023,2023-09-25,PushEvent,305484,21261,40175,2023,True
gharchive_mon_thu_12utc_2023,2023-10-02,CreateEvent,56747,12936,25801,2023,True
gharchive_mon_thu_12utc_2023,2023-10-02,ForkEvent,4771,2154,1489,2023,True
gharchive_mon_thu_12utc_2023,2023-10-02,IssueCommentEvent,20447,1874,960,2023,True
gharchive_mon_thu_12utc_2023,2023-10-02,IssuesEvent,8332,1051,766,2023,True
gharchive_mon_thu_12utc_2023,2023-10-02,PullRequestEvent,32861,1100,2241,2023,True
gharchive_mon_thu_12utc_2023,2023-10-02,PushEvent,301875,22009,41718,2023,True
gharchive_mon_thu_12utc_2023,2023-10-09,CreateEvent,55314,12560,24721,2023,True
gharchive_mon_thu_12utc_2023,2023-10-09,ForkEvent,4495,2143,1365,2023,True
gharchive_mon_thu_12utc_2023,2023-10-09,IssueCommentEvent,21866,1895,895,2023,True
gharchive_mon_thu_12utc_2023,2023-10-09,IssuesEvent,8356,1161,842,2023,True
gharchive_mon_thu_12utc_2023,2023-10-09,PullRequestEvent,33051,1051,2163,2023,True
gharchive_mon_thu_12utc_2023,2023-10-09,PushEvent,293195,21343,40485,2023,True
gharchive_mon_thu_12utc_2023,2023-10-16,CreateEvent,62232,12396,25998,2023,True
gharchive_mon_thu_12utc_2023,2023-10-16,ForkEvent,5014,2277,1435,2023,True
gharchive_mon_thu_12utc_2023,2023-10-16,IssueCommentEvent,22092,1857,980,2023,True
gharchive_mon_thu_12utc_2023,2023-10-16,IssuesEvent,8519,1245,900,2023,True
gharchive_mon_thu_12utc_2023,2023-10-16,PullRequestEvent,35154,1054,2644,2023,True
gharchive_mon_thu_12utc_2023,2023-10-16,PushEvent,298301,21280,41081,2023,True
gharchive_mon_thu_12utc_2023,2023-10-23,CreateEvent,55129,12451,24484,2023,True
gharchive_mon_thu_12utc_2023,2023-10-23,ForkEvent,4940,2194,1434,2023,True
gharchive_mon_thu_12utc_2023,2023-10-23,IssueCommentEvent,22156,1759,899,2023,True
gharchive_mon_thu_12utc_2023,2023-10-23,IssuesEvent,8342,1227,788,2023,True
gharchive_mon_thu_12utc_2023,2023-10-23,PullRequestEvent,33295,1074,2262,2023,True
gharchive_mon_thu_12utc_2023,2023-10-23,PushEvent,309142,21792,41500,2023,True
gharchive_mon_thu_12utc_2023,2023-10-30,CreateEvent,56588,12110,24000,2023,True
gharchive_mon_thu_12utc_2023,2023-10-30,ForkEvent,4807,2193,1394,2023,True
gharchive_mon_thu_12utc_2023,2023-10-30,IssueCommentEvent,21910,1725,846,2023,True
gharchive_mon_thu_12utc_2023,2023-10-30,IssuesEvent,10518,1228,861,2023,True
gharchive_mon_thu_12utc_2023,2023-10-30,PullRequestEvent,31153,927,2094,2023,True
gharchive_mon_thu_12utc_2023,2023-10-30,PushEvent,311322,21085,40677,2023,True
gharchive_mon_thu_12utc_2023,2023-11-06,CreateEvent,56461,12324,25038,2023,True
gharchive_mon_thu_12utc_2023,2023-11-06,ForkEvent,4536,2032,1274,2023,True
gharchive_mon_thu_12utc_2023,2023-11-06,IssueCommentEvent,20238,1638,710,2023,True
gharchive_mon_thu_12utc_2023,2023-11-06,IssuesEvent,8416,1219,869,2023,True
gharchive_mon_thu_12utc_2023,2023-11-06,PullRequestEvent,32031,919,1903,2023,True
gharchive_mon_thu_12utc_2023,2023-11-06,PushEvent,312521,21167,41050,2023,True
gharchive_mon_thu_12utc_2023,2023-11-13,CreateEvent,53245,11502,23161,2023,True
gharchive_mon_thu_12utc_2023,2023-11-13,ForkEvent,4378,2105,1331,2023,True
gharchive_mon_thu_12utc_2023,2023-11-13,IssueCommentEvent,19912,1573,634,2023,True
gharchive_mon_thu_12utc_2023,2023-11-13,IssuesEvent,7824,1201,846,2023,True
gharchive_mon_thu_12utc_2023,2023-11-13,PullRequestEvent,31446,865,1764,2023,True
gharchive_mon_thu_12utc_2023,2023-11-13,PushEvent,310412,20277,39263,2023,True
gharchive_mon_thu_12utc_2023,2023-11-20,CreateEvent,53833,12016,23922,2023,True
gharchive_mon_thu_12utc_2023,2023-11-20,ForkEvent,4788,2141,1354,2023,True
gharchive_mon_thu_12utc_2023,2023-11-20,IssueCommentEvent,20481,1498,671,2023,True
gharchive_mon_thu_12utc_2023,2023-11-20,IssuesEvent,8417,1164,836,2023,True
gharchive_mon_thu_12utc_2023,2023-11-20,PullRequestEvent,31469,933,1790,2023,True
gharchive_mon_thu_12utc_2023,2023-11-20,PushEvent,314732,20529,39551,2023,True
gharchive_mon_thu_12utc_2023,2023-11-27,CreateEvent,46821,11233,22229,2023,True
gharchive_mon_thu_12utc_2023,2023-11-27,ForkEvent,3813,1762,1160,2023,True
gharchive_mon_thu_12utc_2023,2023-11-27,IssueCommentEvent,17619,1395,616,2023,True
gharchive_mon_thu_12utc_2023,2023-11-27,IssuesEvent,6958,1054,792,2023,True
gharchive_mon_thu_12utc_2023,2023-11-27,PullRequestEvent,26484,1006,1817,2023,True
gharchive_mon_thu_12utc_2023,2023-11-27,PushEvent,435812,19691,37297,2023,True
gharchive_mon_thu_12utc_2023,2023-12-04,CreateEvent,33431,8674,17254,2023,True
gharchive_mon_thu_12utc_2023,2023-12-04,ForkEvent,2734,1325,842,2023,True
gharchive_mon_thu_12utc_2023,2023-12-04,IssueCommentEvent,11660,1000,623,2023,True
gharchive_mon_thu_12utc_2023,2023-12-04,IssuesEvent,4527,779,607,2023,True
gharchive_mon_thu_12utc_2023,2023-12-04,PullRequestEvent,19326,972,1912,2023,True
gharchive_mon_thu_12utc_2023,2023-12-04,PushEvent,524537,16801,31262,2023,True
gharchive_mon_thu_12utc_2023,2023-12-11,CreateEvent,49825,11163,22184,2023,True
gharchive_mon_thu_12utc_2023,2023-12-11,ForkEvent,4413,2037,1210,2023,True
gharchive_mon_thu_12utc_2023,2023-12-11,IssueCommentEvent,19723,1426,694,2023,True
gharchive_mon_thu_12utc_2023,2023-12-11,IssuesEvent,7415,1128,778,2023,True
gharchive_mon_thu_12utc_2023,2023-12-11,PullRequestEvent,31426,904,2090,2023,True
gharchive_mon_thu_12utc_2023,2023-12-11,PushEvent,348415,21071,40495,2023,True
gharchive_mon_thu_12utc_2023,2023-12-18,CreateEvent,48308,10542,20977,2023,True
gharchive_mon_thu_12utc_2023,2023-12-18,ForkEvent,4292,1952,1185,2023,True
gharchive_mon_thu_12utc_2023,2023-12-18,IssueCommentEvent,18845,1367,828,2023,True
gharchive_mon_thu_12utc_2023,2023-12-18,IssuesEvent,7063,1054,725,2023,True
gharchive_mon_thu_12utc_2023,2023-12-18,PullRequestEvent,28788,772,1733,2023,True
gharchive_mon_thu_12utc_2023,2023-12-18,PushEvent,310883,19370,38122,2023,True
gharchive_mon_thu_12utc_2023,2023-12-25,CreateEvent,38789,8659,17266,2023,True
gharchive_mon_thu_12utc_2023,2023-12-25,ForkEvent,3580,1620,977,2023,True
gharchive_mon_thu_12utc_2023,2023-12-25,IssueCommentEvent,11021,896,562,2023,True
gharchive_mon_thu_12utc_2023,2023-12-25,IssuesEvent,4522,751,508,2023,True
gharchive_mon_thu_12utc_2023,2023-12-25,PullRequestEvent,19417,480,1087,2023,True
gharchive_mon_thu_12utc_2023,2023-12-25,PushEvent,324187,15235,30264,2023,True
gharchive_mon_thu_12utc_2024,2024-01-01,CreateEvent,42474,14887,21269,2024,True
gharchive_mon_thu_12utc_2024,2024-01-01,ForkEvent,3602,2450,2388,2024,True
gharchive_mon_thu_12utc_2024,2024-01-01,IssueCommentEvent,13877,3882,3085,2024,True
gharchive_mon_thu_12utc_2024,2024-01-01,IssuesEvent,5568,2216,2072,2024,True
gharchive_mon_thu_12utc_2024,2024-01-01,PullRequestEvent,23216,2698,4029,2024,True
gharchive_mon_thu_12utc_2024,2024-01-01,PushEvent,349220,44338,88541,2024,True
gharchive_mon_thu_12utc_2024,2024-01-08,CreateEvent,53071,19006,27137,2024,True
gharchive_mon_thu_12utc_2024,2024-01-08,ForkEvent,4491,2965,2523,2024,True
gharchive_mon_thu_12utc_2024,2024-01-08,IssueCommentEvent,19924,4950,3314,2024,True
gharchive_mon_thu_12utc_2024,2024-01-08,IssuesEvent,7473,2747,2107,2024,True
gharchive_mon_thu_12utc_2024,2024-01-08,PullRequestEvent,29042,3472,4699,2024,True
gharchive_mon_thu_12utc_2024,2024-01-08,PushEvent,330536,48571,55862,2024,True
gharchive_mon_thu_12utc_2024,2024-01-15,CreateEvent,50564,17589,25745,2024,True
gharchive_mon_thu_12utc_2024,2024-01-15,ForkEvent,4376,2818,2238,2024,True
gharchive_mon_thu_12utc_2024,2024-01-15,IssueCommentEvent,19602,4134,2535,2024,True
gharchive_mon_thu_12utc_2024,2024-01-15,IssuesEvent,7356,2454,1830,2024,True
gharchive_mon_thu_12utc_2024,2024-01-15,PullRequestEvent,29512,2982,4119,2024,True
gharchive_mon_thu_12utc_2024,2024-01-15,PushEvent,387608,42181,51800,2024,True
gharchive_mon_thu_12utc_2024,2024-01-22,CreateEvent,51256,16440,24732,2024,True
gharchive_mon_thu_12utc_2024,2024-01-22,ForkEvent,4446,2712,2291,2024,True
gharchive_mon_thu_12utc_2024,2024-01-22,IssueCommentEvent,20339,3720,2303,2024,True
gharchive_mon_thu_12utc_2024,2024-01-22,IssuesEvent,7442,2217,1624,2024,True
gharchive_mon_thu_12utc_2024,2024-01-22,PullRequestEvent,31124,2621,3977,2024,True
gharchive_mon_thu_12utc_2024,2024-01-22,PushEvent,370534,39012,49549,2024,True
gharchive_mon_thu_12utc_2024,2024-01-29,CreateEvent,53853,16330,25420,2024,True
gharchive_mon_thu_12utc_2024,2024-01-29,ForkEvent,4091,2527,1941,2024,True
gharchive_mon_thu_12utc_2024,2024-01-29,IssueCommentEvent,21081,3265,2084,2024,True
gharchive_mon_thu_12utc_2024,2024-01-29,IssuesEvent,8572,2093,1552,2024,True
gharchive_mon_thu_12utc_2024,2024-01-29,PullRequestEvent,31709,2377,3802,2024,True
gharchive_mon_thu_12utc_2024,2024-01-29,PushEvent,418650,36457,48332,2024,True
gharchive_mon_thu_12utc_2024,2024-02-05,CreateEvent,51240,15832,24620,2024,True
gharchive_mon_thu_12utc_2024,2024-02-05,ForkEvent,4162,2531,1916,2024,True
gharchive_mon_thu_12utc_2024,2024-02-05,IssueCommentEvent,19792,3103,2010,2024,True
gharchive_mon_thu_12utc_2024,2024-02-05,IssuesEvent,7413,1858,1424,2024,True
gharchive_mon_thu_12utc_2024,2024-02-05,PullRequestEvent,30088,2128,3329,2024,True
gharchive_mon_thu_12utc_2024,2024-02-05,PushEvent,435995,33731,45412,2024,True
gharchive_mon_thu_12utc_2024,2024-02-12,CreateEvent,52427,15370,24774,2024,True
gharchive_mon_thu_12utc_2024,2024-02-12,ForkEvent,3627,2233,1656,2024,True
gharchive_mon_thu_12utc_2024,2024-02-12,IssueCommentEvent,19487,2761,1646,2024,True
gharchive_mon_thu_12utc_2024,2024-02-12,IssuesEvent,7462,1776,1276,2024,True
gharchive_mon_thu_12utc_2024,2024-02-12,PullRequestEvent,30166,1879,2986,2024,True
gharchive_mon_thu_12utc_2024,2024-02-12,PushEvent,416929,32436,45571,2024,True
gharchive_mon_thu_12utc_2024,2024-02-19,CreateEvent,61660,17112,27342,2024,True
gharchive_mon_thu_12utc_2024,2024-02-19,ForkEvent,4109,2464,1855,2024,True
gharchive_mon_thu_12utc_2024,2024-02-19,IssueCommentEvent,19048,2699,1611,2024,True
gharchive_mon_thu_12utc_2024,2024-02-19,IssuesEvent,6739,1771,1208,2024,True
gharchive_mon_thu_12utc_2024,2024-02-19,PullRequestEvent,29339,1858,2991,2024,True
gharchive_mon_thu_12utc_2024,2024-02-19,PushEvent,443701,31203,43931,2024,True
gharchive_mon_thu_12utc_2024,2024-02-26,CreateEvent,65538,17478,28616,2024,True
gharchive_mon_thu_12utc_2024,2024-02-26,ForkEvent,4757,2541,2126,2024,True
gharchive_mon_thu_12utc_2024,2024-02-26,IssueCommentEvent,19485,2715,1447,2024,True
gharchive_mon_thu_12utc_2024,2024-02-26,IssuesEvent,7081,1764,1248,2024,True
gharchive_mon_thu_12utc_2024,2024-02-26,PullRequestEvent,29790,1805,2945,2024,True
gharchive_mon_thu_12utc_2024,2024-02-26,PushEvent,426926,29818,43128,2024,True
gharchive_mon_thu_12utc_2024,2024-03-04,CreateEvent,65841,17890,28806,2024,True
gharchive_mon_thu_12utc_2024,2024-03-04,ForkEvent,4535,2555,1730,2024,True
gharchive_mon_thu_12utc_2024,2024-03-04,IssueCommentEvent,19813,2713,1645,2024,True
gharchive_mon_thu_12utc_2024,2024-03-04,IssuesEvent,7414,1789,1205,2024,True
gharchive_mon_thu_12utc_2024,2024-03-04,PullRequestEvent,30604,1772,2903,2024,True
gharchive_mon_thu_12utc_2024,2024-03-04,PushEvent,416646,30253,43905,2024,True
gharchive_mon_thu_12utc_2024,2024-03-11,CreateEvent,62308,17352,27700,2024,True
gharchive_mon_thu_12utc_2024,2024-03-11,ForkEvent,4402,2529,1711,2024,True
gharchive_mon_thu_12utc_2024,2024-03-11,IssueCommentEvent,19464,2789,1526,2024,True
gharchive_mon_thu_12utc_2024,2024-03-11,IssuesEvent,7405,1700,1171,2024,True
gharchive_mon_thu_12utc_2024,2024-03-11,PullRequestEvent,29931,1913,3066,2024,True
gharchive_mon_thu_12utc_2024,2024-03-11,PushEvent,441504,30086,44211,2024,True
gharchive_mon_thu_12utc_2024,2024-03-18,CreateEvent,67552,17521,28547,2024,True
gharchive_mon_thu_12utc_2024,2024-03-18,ForkEvent,5037,2807,1897,2024,True
gharchive_mon_thu_12utc_2024,2024-03-18,IssueCommentEvent,21322,2809,1459,2024,True
gharchive_mon_thu_12utc_2024,2024-03-18,IssuesEvent,9199,1806,1242,2024,True
gharchive_mon_thu_12utc_2024,2024-03-18,PullRequestEvent,32225,1821,2981,2024,True
gharchive_mon_thu_12utc_2024,2024-03-18,PushEvent,342386,30441,44830,2024,True
gharchive_mon_thu_12utc_2024,2024-03-25,CreateEvent,65303,15944,26487,2024,True
gharchive_mon_thu_12utc_2024,2024-03-25,ForkEvent,4650,2573,1798,2024,True
gharchive_mon_thu_12utc_2024,2024-03-25,IssueCommentEvent,20278,2605,1332,2024,True
gharchive_mon_thu_12utc_2024,2024-03-25,IssuesEvent,8047,1735,1160,2024,True
gharchive_mon_thu_12utc_2024,2024-03-25,PullRequestEvent,31936,1694,2754,2024,True
gharchive_mon_thu_12utc_2024,2024-03-25,PushEvent,369924,28452,43666,2024,True
gharchive_mon_thu_12utc_2024,2024-04-01,CreateEvent,62507,14922,25536,2024,True
gharchive_mon_thu_12utc_2024,2024-04-01,ForkEvent,4125,2319,1637,2024,True
gharchive_mon_thu_12utc_2024,2024-04-01,IssueCommentEvent,18347,2255,1123,2024,True
gharchive_mon_thu_12utc_2024,2024-04-01,IssuesEvent,6819,1530,1095,2024,True
gharchive_mon_thu_12utc_2024,2024-04-01,PullRequestEvent,29480,1580,2833,2024,True
gharchive_mon_thu_12utc_2024,2024-04-01,PushEvent,394333,27509,41790,2024,True
gharchive_mon_thu_12utc_2024,2024-04-08,CreateEvent,63775,15125,26733,2024,True
gharchive_mon_thu_12utc_2024,2024-04-08,ForkEvent,4522,2528,1634,2024,True
gharchive_mon_thu_12utc_2024,2024-04-08,IssueCommentEvent,20898,2569,1267,2024,True
gharchive_mon_thu_12utc_2024,2024-04-08,IssuesEvent,7992,1751,1204,2024,True
gharchive_mon_thu_12utc_2024,2024-04-08,PullRequestEvent,31762,1700,2906,2024,True
gharchive_mon_thu_12utc_2024,2024-04-08,PushEvent,405119,27613,42570,2024,True
gharchive_mon_thu_12utc_2024,2024-04-15,CreateEvent,68162,14964,26313,2024,True
gharchive_mon_thu_12utc_2024,2024-04-15,ForkEvent,4514,2501,1678,2024,True
gharchive_mon_thu_12utc_2024,2024-04-15,IssueCommentEvent,21339,2489,1216,2024,True
gharchive_mon_thu_12utc_2024,2024-04-15,IssuesEvent,7852,1642,1115,2024,True
gharchive_mon_thu_12utc_2024,2024-04-15,PullRequestEvent,32651,1737,2861,2024,True
gharchive_mon_thu_12utc_2024,2024-04-15,PushEvent,385795,28611,44010,2024,True
gharchive_mon_thu_12utc_2024,2024-04-22,CreateEvent,65041,13550,24179,2024,True
gharchive_mon_thu_12utc_2024,2024-04-22,ForkEvent,4962,2473,1738,2024,True
gharchive_mon_thu_12utc_2024,2024-04-22,IssueCommentEvent,21673,2419,1103,2024,True
gharchive_mon_thu_12utc_2024,2024-04-22,IssuesEvent,7931,1667,1124,2024,True
gharchive_mon_thu_12utc_2024,2024-04-22,PullRequestEvent,31597,1463,2252,2024,True
gharchive_mon_thu_12utc_2024,2024-04-22,PushEvent,405822,29723,47878,2024,True
gharchive_mon_thu_12utc_2024,2024-04-29,CreateEvent,73174,13402,24649,2024,True
gharchive_mon_thu_12utc_2024,2024-04-29,ForkEvent,4879,2300,1693,2024,True
gharchive_mon_thu_12utc_2024,2024-04-29,IssueCommentEvent,20929,2327,1088,2024,True
gharchive_mon_thu_12utc_2024,2024-04-29,IssuesEvent,7449,1592,1103,2024,True
gharchive_mon_thu_12utc_2024,2024-04-29,PullRequestEvent,32321,1401,2539,2024,True
gharchive_mon_thu_12utc_2024,2024-04-29,PushEvent,392728,29337,49683,2024,True
gharchive_mon_thu_12utc_2024,2024-05-06,CreateEvent,62801,13162,23866,2024,True
gharchive_mon_thu_12utc_2024,2024-05-06,ForkEvent,4949,2426,1650,2024,True
gharchive_mon_thu_12utc_2024,2024-05-06,IssueCommentEvent,20112,2192,1038,2024,True
gharchive_mon_thu_12utc_2024,2024-05-06,IssuesEvent,7474,1444,975,2024,True
gharchive_mon_thu_12utc_2024,2024-05-06,PullRequestEvent,31175,1312,2491,2024,True
gharchive_mon_thu_12utc_2024,2024-05-06,PushEvent,379634,28642,47744,2024,True
gharchive_mon_thu_12utc_2024,2024-05-13,CreateEvent,70803,13850,25073,2024,True
gharchive_mon_thu_12utc_2024,2024-05-13,ForkEvent,5051,2586,1831,2024,True
gharchive_mon_thu_12utc_2024,2024-05-13,IssueCommentEvent,23989,2437,1154,2024,True
gharchive_mon_thu_12utc_2024,2024-05-13,IssuesEvent,8818,1653,1095,2024,True
gharchive_mon_thu_12utc_2024,2024-05-13,PullRequestEvent,33286,1516,2566,2024,True
gharchive_mon_thu_12utc_2024,2024-05-13,PushEvent,364532,28497,45494,2024,True
gharchive_mon_thu_12utc_2024,2024-05-20,CreateEvent,92650,14566,25488,2024,True
gharchive_mon_thu_12utc_2024,2024-05-20,ForkEvent,6123,2418,1618,2024,True
gharchive_mon_thu_12utc_2024,2024-05-20,IssueCommentEvent,19869,2028,1021,2024,True
gharchive_mon_thu_12utc_2024,2024-05-20,IssuesEvent,7856,1485,1035,2024,True
gharchive_mon_thu_12utc_2024,2024-05-20,PullRequestEvent,30798,1455,2285,2024,True
gharchive_mon_thu_12utc_2024,2024-05-20,PushEvent,356023,28001,44791,2024,True
gharchive_mon_thu_12utc_2024,2024-05-27,CreateEvent,65171,13940,25692,2024,True
gharchive_mon_thu_12utc_2024,2024-05-27,ForkEvent,4683,2379,1684,2024,True
gharchive_mon_thu_12utc_2024,2024-05-27,IssueCommentEvent,20495,2117,1019,2024,True
gharchive_mon_thu_12utc_2024,2024-05-27,IssuesEvent,7658,1559,1007,2024,True
gharchive_mon_thu_12utc_2024,2024-05-27,PullRequestEvent,32351,1260,2251,2024,True
gharchive_mon_thu_12utc_2024,2024-05-27,PushEvent,374718,28522,47757,2024,True
gharchive_mon_thu_12utc_2024,2024-06-03,CreateEvent,70531,13764,25290,2024,True
gharchive_mon_thu_12utc_2024,2024-06-03,ForkEvent,4451,2263,1443,2024,True
gharchive_mon_thu_12utc_2024,2024-06-03,IssueCommentEvent,21935,2159,985,2024,True
gharchive_mon_thu_12utc_2024,2024-06-03,IssuesEvent,11578,1489,1020,2024,True
gharchive_mon_thu_12utc_2024,2024-06-03,PullRequestEvent,33218,1405,2459,2024,True
gharchive_mon_thu_12utc_2024,2024-06-03,PushEvent,349401,27492,44844,2024,True
gharchive_mon_thu_12utc_2024,2024-06-10,CreateEvent,66648,13696,25735,2024,True
gharchive_mon_thu_12utc_2024,2024-06-10,ForkEvent,7536,2321,1475,2024,True
gharchive_mon_thu_12utc_2024,2024-06-10,IssueCommentEvent,21548,2117,970,2024,True
gharchive_mon_thu_12utc_2024,2024-06-10,IssuesEvent,7580,1461,955,2024,True
gharchive_mon_thu_12utc_2024,2024-06-10,PullRequestEvent,33001,1305,2172,2024,True
gharchive_mon_thu_12utc_2024,2024-06-10,PushEvent,360246,27032,46271,2024,True
gharchive_mon_thu_12utc_2024,2024-06-17,CreateEvent,57345,12891,23863,2024,True
gharchive_mon_thu_12utc_2024,2024-06-17,ForkEvent,4321,2301,1419,2024,True
gharchive_mon_thu_12utc_2024,2024-06-17,IssueCommentEvent,22979,2071,926,2024,True
gharchive_mon_thu_12utc_2024,2024-06-17,IssuesEvent,8605,1515,1034,2024,True
gharchive_mon_thu_12utc_2024,2024-06-17,PullRequestEvent,35252,1245,2371,2024,True
gharchive_mon_thu_12utc_2024,2024-06-17,PushEvent,366699,25916,43350,2024,True
gharchive_mon_thu_12utc_2024,2024-06-24,CreateEvent,59775,13240,24996,2024,True
gharchive_mon_thu_12utc_2024,2024-06-24,ForkEvent,4354,2159,1438,2024,True
gharchive_mon_thu_12utc_2024,2024-06-24,IssueCommentEvent,22072,1971,931,2024,True
gharchive_mon_thu_12utc_2024,2024-06-24,IssuesEvent,8419,1462,862,2024,True
gharchive_mon_thu_12utc_2024,2024-06-24,PullRequestEvent,31962,1179,2151,2024,True
gharchive_mon_thu_12utc_2024,2024-06-24,PushEvent,357116,24999,42799,2024,True
gharchive_mon_thu_12utc_2024,2024-07-01,CreateEvent,58001,13316,24733,2024,True
gharchive_mon_thu_12utc_2024,2024-07-01,ForkEvent,4471,2209,1441,2024,True
gharchive_mon_thu_12utc_2024,2024-07-01,IssueCommentEvent,21764,1915,917,2024,True
gharchive_mon_thu_12utc_2024,2024-07-01,IssuesEvent,8240,1444,932,2024,True
gharchive_mon_thu_12utc_2024,2024-07-01,PullRequestEvent,32965,1058,2141,2024,True
gharchive_mon_thu_12utc_2024,2024-07-01,PushEvent,356041,24185,45000,2024,True
gharchive_mon_thu_12utc_2024,2024-07-08,CreateEvent,55792,13007,24614,2024,True
gharchive_mon_thu_12utc_2024,2024-07-08,ForkEvent,4595,2146,1332,2024,True
gharchive_mon_thu_12utc_2024,2024-07-08,IssueCommentEvent,21228,1882,848,2024,True
gharchive_mon_thu_12utc_2024,2024-07-08,IssuesEvent,7679,1313,872,2024,True
gharchive_mon_thu_12utc_2024,2024-07-08,PullRequestEvent,31640,1140,2141,2024,True
gharchive_mon_thu_12utc_2024,2024-07-08,PushEvent,345349,23828,41673,2024,True
gharchive_mon_thu_12utc_2024,2024-07-15,CreateEvent,55863,13151,24450,2024,True
gharchive_mon_thu_12utc_2024,2024-07-15,ForkEvent,5025,2172,1378,2024,True
gharchive_mon_thu_12utc_2024,2024-07-15,IssueCommentEvent,20916,1918,823,2024,True
gharchive_mon_thu_12utc_2024,2024-07-15,IssuesEvent,7357,1315,840,2024,True
gharchive_mon_thu_12utc_2024,2024-07-15,PullRequestEvent,31553,1026,2036,2024,True
gharchive_mon_thu_12utc_2024,2024-07-15,PushEvent,346550,23864,42136,2024,True
gharchive_mon_thu_12utc_2024,2024-07-22,CreateEvent,58895,12903,24443,2024,True
gharchive_mon_thu_12utc_2024,2024-07-22,ForkEvent,7304,2579,1450,2024,True
gharchive_mon_thu_12utc_2024,2024-07-22,IssueCommentEvent,22654,1978,884,2024,True
gharchive_mon_thu_12utc_2024,2024-07-22,IssuesEvent,7993,1311,851,2024,True
gharchive_mon_thu_12utc_2024,2024-07-22,PullRequestEvent,33929,995,1937,2024,True
gharchive_mon_thu_12utc_2024,2024-07-22,PushEvent,347479,23304,41699,2024,True
gharchive_mon_thu_12utc_2024,2024-07-29,CreateEvent,57269,12773,24164,2024,True
gharchive_mon_thu_12utc_2024,2024-07-29,ForkEvent,4557,1982,1254,2024,True
gharchive_mon_thu_12utc_2024,2024-07-29,IssueCommentEvent,22188,1760,820,2024,True
gharchive_mon_thu_12utc_2024,2024-07-29,IssuesEvent,7420,1284,863,2024,True
gharchive_mon_thu_12utc_2024,2024-07-29,PullRequestEvent,34253,978,1910,2024,True
gharchive_mon_thu_12utc_2024,2024-07-29,PushEvent,338817,22045,39929,2024,True
gharchive_mon_thu_12utc_2024,2024-08-05,CreateEvent,58445,13110,25192,2024,True
gharchive_mon_thu_12utc_2024,2024-08-05,ForkEvent,4435,2115,1333,2024,True
gharchive_mon_thu_12utc_2024,2024-08-05,IssueCommentEvent,20685,1845,806,2024,True
gharchive_mon_thu_12utc_2024,2024-08-05,IssuesEvent,7526,1314,885,2024,True
gharchive_mon_thu_12utc_2024,2024-08-05,PullRequestEvent,32248,985,1869,2024,True
gharchive_mon_thu_12utc_2024,2024-08-05,PushEvent,355390,22454,41559,2024,True
gharchive_mon_thu_12utc_2024,2024-08-12,CreateEvent,54475,12205,23225,2024,True
gharchive_mon_thu_12utc_2024,2024-08-12,ForkEvent,4327,2092,1334,2024,True
gharchive_mon_thu_12utc_2024,2024-08-12,IssueCommentEvent,21231,1701,741,2024,True
gharchive_mon_thu_12utc_2024,2024-08-12,IssuesEvent,7392,1239,797,2024,True
gharchive_mon_thu_12utc_2024,2024-08-12,PullRequestEvent,30932,902,1708,2024,True
gharchive_mon_thu_12utc_2024,2024-08-12,PushEvent,345870,21830,40011,2024,True
gharchive_mon_thu_12utc_2024,2024-08-19,CreateEvent,55739,12519,23821,2024,True
gharchive_mon_thu_12utc_2024,2024-08-19,ForkEvent,8768,2294,1416,2024,True
gharchive_mon_thu_12utc_2024,2024-08-19,IssueCommentEvent,22121,1855,829,2024,True
gharchive_mon_thu_12utc_2024,2024-08-19,IssuesEvent,8524,1326,893,2024,True
gharchive_mon_thu_12utc_2024,2024-08-19,PullRequestEvent,32561,976,1906,2024,True
gharchive_mon_thu_12utc_2024,2024-08-19,PushEvent,355727,21873,41109,2024,True
gharchive_mon_thu_12utc_2024,2024-08-26,CreateEvent,58459,13084,25140,2024,True
gharchive_mon_thu_12utc_2024,2024-08-26,ForkEvent,4540,2172,1381,2024,True
gharchive_mon_thu_12utc_2024,2024-08-26,IssueCommentEvent,23009,1860,849,2024,True
gharchive_mon_thu_12utc_2024,2024-08-26,IssuesEvent,7514,1330,830,2024,True
gharchive_mon_thu_12utc_2024,2024-08-26,PullRequestEvent,31690,956,1937,2024,True
gharchive_mon_thu_12utc_2024,2024-08-26,PushEvent,351872,22422,41651,2024,True
gharchive_mon_thu_12utc_2024,2024-09-02,CreateEvent,58510,13648,25720,2024,True
gharchive_mon_thu_12utc_2024,2024-09-02,ForkEvent,4746,2192,1332,2024,True
gharchive_mon_thu_12utc_2024,2024-09-02,IssueCommentEvent,21444,1697,714,2024,True
gharchive_mon_thu_12utc_2024,2024-09-02,IssuesEvent,7567,1249,913,2024,True
gharchive_mon_thu_12utc_2024,2024-09-02,PullRequestEvent,32247,1009,1870,2024,True
gharchive_mon_thu_12utc_2024,2024-09-02,PushEvent,332753,21887,40635,2024,True
gharchive_mon_thu_12utc_2024,2024-09-09,CreateEvent,64211,14529,27775,2024,True
gharchive_mon_thu_12utc_2024,2024-09-09,ForkEvent,5073,2446,1430,2024,True
gharchive_mon_thu_12utc_2024,2024-09-09,IssueCommentEvent,22802,1896,789,2024,True
gharchive_mon_thu_12utc_2024,2024-09-09,IssuesEvent,8336,1308,900,2024,True
gharchive_mon_thu_12utc_2024,2024-09-09,PullRequestEvent,35093,982,2004,2024,True
gharchive_mon_thu_12utc_2024,2024-09-09,PushEvent,355315,23375,43632,2024,True
gharchive_mon_thu_12utc_2024,2024-09-16,CreateEvent,63052,14590,27693,2024,True
gharchive_mon_thu_12utc_2024,2024-09-16,ForkEvent,4868,2281,1379,2024,True
gharchive_mon_thu_12utc_2024,2024-09-16,IssueCommentEvent,23769,1732,770,2024,True
gharchive_mon_thu_12utc_2024,2024-09-16,IssuesEvent,8877,1310,927,2024,True
gharchive_mon_thu_12utc_2024,2024-09-16,PullRequestEvent,36381,996,2134,2024,True
gharchive_mon_thu_12utc_2024,2024-09-16,PushEvent,352169,23440,43832,2024,True
gharchive_mon_thu_12utc_2024,2024-09-23,CreateEvent,66050,14604,28407,2024,True
gharchive_mon_thu_12utc_2024,2024-09-23,ForkEvent,5133,2373,1511,2024,True
gharchive_mon_thu_12utc_2024,2024-09-23,IssueCommentEvent,23630,1827,854,2024,True
gharchive_mon_thu_12utc_2024,2024-09-23,IssuesEvent,8357,1374,941,2024,True
gharchive_mon_thu_12utc_2024,2024-09-23,PullRequestEvent,35921,1081,2049,2024,True
gharchive_mon_thu_12utc_2024,2024-09-23,PushEvent,349623,24344,45555,2024,True
gharchive_mon_thu_12utc_2024,2024-09-30,CreateEvent,63407,14332,27753,2024,True
gharchive_mon_thu_12utc_2024,2024-09-30,ForkEvent,5123,2259,1349,2024,True
gharchive_mon_thu_12utc_2024,2024-09-30,IssueCommentEvent,23049,1727,784,2024,True
gharchive_mon_thu_12utc_2024,2024-09-30,IssuesEvent,9101,1335,914,2024,True
gharchive_mon_thu_12utc_2024,2024-09-30,PullRequestEvent,35304,1068,2175,2024,True
gharchive_mon_thu_12utc_2024,2024-09-30,PushEvent,343688,23634,44327,2024,True
gharchive_mon_thu_12utc_2024,2024-10-07,CreateEvent,62539,13803,26589,2024,True
gharchive_mon_thu_12utc_2024,2024-10-07,ForkEvent,5680,2626,1462,2024,True
gharchive_mon_thu_12utc_2024,2024-10-07,IssueCommentEvent,24902,1840,826,2024,True
gharchive_mon_thu_12utc_2024,2024-10-07,IssuesEvent,8857,1343,929,2024,True
gharchive_mon_thu_12utc_2024,2024-10-07,PullRequestEvent,36254,1129,2086,2024,True
gharchive_mon_thu_12utc_2024,2024-10-07,PushEvent,357946,24553,45925,2024,True
gharchive_mon_thu_12utc_2024,2024-10-14,CreateEvent,64755,14721,28034,2024,True
gharchive_mon_thu_12utc_2024,2024-10-14,ForkEvent,5543,2421,1508,2024,True
gharchive_mon_thu_12utc_2024,2024-10-14,IssueCommentEvent,24441,1805,838,2024,True
gharchive_mon_thu_12utc_2024,2024-10-14,IssuesEvent,9669,1429,935,2024,True
gharchive_mon_thu_12utc_2024,2024-10-14,PullRequestEvent,35730,1134,2057,2024,True
gharchive_mon_thu_12utc_2024,2024-10-14,PushEvent,348947,24684,46283,2024,True
gharchive_mon_thu_12utc_2024,2024-10-21,CreateEvent,62481,14521,27714,2024,True
gharchive_mon_thu_12utc_2024,2024-10-21,ForkEvent,5265,2431,1497,2024,True
gharchive_mon_thu_12utc_2024,2024-10-21,IssueCommentEvent,24359,1833,840,2024,True
gharchive_mon_thu_12utc_2024,2024-10-21,IssuesEvent,11387,1478,939,2024,True
gharchive_mon_thu_12utc_2024,2024-10-21,PullRequestEvent,35223,1070,1881,2024,True
gharchive_mon_thu_12utc_2024,2024-10-21,PushEvent,356191,24799,46383,2024,True
gharchive_mon_thu_12utc_2024,2024-10-28,CreateEvent,59204,13068,24952,2024,True
gharchive_mon_thu_12utc_2024,2024-10-28,ForkEvent,5062,2124,1443,2024,True
gharchive_mon_thu_12utc_2024,2024-10-28,IssueCommentEvent,23982,1722,719,2024,True
gharchive_mon_thu_12utc_2024,2024-10-28,IssuesEvent,8909,1239,870,2024,True
gharchive_mon_thu_12utc_2024,2024-10-28,PullRequestEvent,34657,1051,1870,2024,True
gharchive_mon_thu_12utc_2024,2024-10-28,PushEvent,352951,23162,43634,2024,True
gharchive_mon_thu_12utc_2024,2024-11-04,CreateEvent,61575,13487,26651,2024,True
gharchive_mon_thu_12utc_2024,2024-11-04,ForkEvent,5007,2200,1354,2024,True
gharchive_mon_thu_12utc_2024,2024-11-04,IssueCommentEvent,22027,1599,746,2024,True
gharchive_mon_thu_12utc_2024,2024-11-04,IssuesEvent,8403,1330,933,2024,True
gharchive_mon_thu_12utc_2024,2024-11-04,PullRequestEvent,33624,1045,1740,2024,True
gharchive_mon_thu_12utc_2024,2024-11-04,PushEvent,358145,23789,44427,2024,True
gharchive_mon_thu_12utc_2024,2024-11-11,CreateEvent,60271,13583,26190,2024,True
gharchive_mon_thu_12utc_2024,2024-11-11,ForkEvent,4766,2150,1328,2024,True
gharchive_mon_thu_12utc_2024,2024-11-11,IssueCommentEvent,20898,1608,686,2024,True
gharchive_mon_thu_12utc_2024,2024-11-11,IssuesEvent,9259,1272,881,2024,True
gharchive_mon_thu_12utc_2024,2024-11-11,PullRequestEvent,31757,992,1747,2024,True
gharchive_mon_thu_12utc_2024,2024-11-11,PushEvent,359867,23624,44281,2024,True
gharchive_mon_thu_12utc_2024,2024-11-18,CreateEvent,61515,14407,27766,2024,True
gharchive_mon_thu_12utc_2024,2024-11-18,ForkEvent,4888,2158,1434,2024,True
gharchive_mon_thu_12utc_2024,2024-11-18,IssueCommentEvent,21725,1572,756,2024,True
gharchive_mon_thu_12utc_2024,2024-11-18,IssuesEvent,9086,1259,873,2024,True
gharchive_mon_thu_12utc_2024,2024-11-18,PullRequestEvent,34542,1135,2250,2024,True
gharchive_mon_thu_12utc_2024,2024-11-18,PushEvent,349722,23951,45035,2024,True
gharchive_mon_thu_12utc_2024,2024-11-25,CreateEvent,62335,13809,26839,2024,True
gharchive_mon_thu_12utc_2024,2024-11-25,ForkEvent,4464,2003,1340,2024,True
gharchive_mon_thu_12utc_2024,2024-11-25,IssueCommentEvent,21327,1467,713,2024,True
gharchive_mon_thu_12utc_2024,2024-11-25,IssuesEvent,14732,1226,856,2024,True
gharchive_mon_thu_12utc_2024,2024-11-25,PullRequestEvent,35905,1035,2222,2024,True
gharchive_mon_thu_12utc_2024,2024-11-25,PushEvent,353942,23904,44604,2024,True
gharchive_mon_thu_12utc_2024,2024-12-02,CreateEvent,60750,13488,26722,2024,True
gharchive_mon_thu_12utc_2024,2024-12-02,ForkEvent,4563,2016,1357,2024,True
gharchive_mon_thu_12utc_2024,2024-12-02,IssueCommentEvent,21008,1511,696,2024,True
gharchive_mon_thu_12utc_2024,2024-12-02,IssuesEvent,10595,1252,872,2024,True
gharchive_mon_thu_12utc_2024,2024-12-02,PullRequestEvent,42158,1034,3895,2024,True
gharchive_mon_thu_12utc_2024,2024-12-02,PushEvent,352523,24766,46120,2024,True
gharchive_mon_thu_12utc_2024,2024-12-09,CreateEvent,57719,12864,24868,2024,True
gharchive_mon_thu_12utc_2024,2024-12-09,ForkEvent,4093,1890,1233,2024,True
gharchive_mon_thu_12utc_2024,2024-12-09,IssueCommentEvent,22967,1402,662,2024,True
gharchive_mon_thu_12utc_2024,2024-12-09,IssuesEvent,7947,1205,861,2024,True
gharchive_mon_thu_12utc_2024,2024-12-09,PullRequestEvent,34329,985,1887,2024,True
gharchive_mon_thu_12utc_2024,2024-12-09,PushEvent,324978,22505,41564,2024,True
gharchive_mon_thu_12utc_2024,2024-12-16,CreateEvent,59327,12052,25112,2024,True
gharchive_mon_thu_12utc_2024,2024-12-16,ForkEvent,4652,1942,1301,2024,True
gharchive_mon_thu_12utc_2024,2024-12-16,IssueCommentEvent,21324,1475,644,2024,True
gharchive_mon_thu_12utc_2024,2024-12-16,IssuesEvent,7744,1229,801,2024,True
gharchive_mon_thu_12utc_2024,2024-12-16,PullRequestEvent,34589,1016,1853,2024,True
gharchive_mon_thu_12utc_2024,2024-12-16,PushEvent,323311,21250,39974,2024,True
gharchive_mon_thu_12utc_2024,2024-12-23,CreateEvent,49697,10681,20991,2024,True
gharchive_mon_thu_12utc_2024,2024-12-23,ForkEvent,3989,1685,1000,2024,True
gharchive_mon_thu_12utc_2024,2024-12-23,IssueCommentEvent,13889,1100,489,2024,True
gharchive_mon_thu_12utc_2024,2024-12-23,IssuesEvent,5130,943,604,2024,True
gharchive_mon_thu_12utc_2024,2024-12-23,PullRequestEvent,26261,683,1389,2024,True
gharchive_mon_thu_12utc_2024,2024-12-23,PushEvent,347737,18790,36187,2024,True
gharchive_mon_thu_12utc_2024,2024-12-30,CreateEvent,22670,4823,9600,2024,True
gharchive_mon_thu_12utc_2024,2024-12-30,ForkEvent,2095,808,511,2024,True
gharchive_mon_thu_12utc_2024,2024-12-30,IssueCommentEvent,7404,593,232,2024,True
gharchive_mon_thu_12utc_2024,2024-12-30,IssuesEvent,2624,447,298,2024,True
gharchive_mon_thu_12utc_2024,2024-12-30,PullRequestEvent,13088,283,734,2024,True
gharchive_mon_thu_12utc_2024,2024-12-30,PushEvent,172903,9237,18080,2024,True
